Speed,LapDistPct,Lat,Lon,Brake,Throttle,RPM,SteeringWheelAngle,Gear,Clutch,ABSActive,DRSActive,LatAccel,Yaw,PositionType
28.220617,0.008193,40.759155,-84.191342,0,0.981998,4967.636,0.159908,4,1,FALSE,FALSE,5.162628,0.157519,3
28.304045,0.009292,40.759157,-84.191338,0,0.984217,4975.843,0.180489,4,1,FALSE,FALSE,5.284574,0.161816,3
28.386528,0.010393,40.75916,-84.191333,0,0.987176,4964.9253,0.205433,4,1,FALSE,FALSE,5.297924,0.166255,3
28.467941,0.011498,40.759162,-84.191328,0,0.989889,4964.2983,0.228712,4,1,FALSE,FALSE,5.4963,0.170834,3
28.548697,0.012606,40.759164,-84.191323,0,0.993095,4968.5234,0.254483,4,1,FALSE,FALSE,5.965225,0.175555,3
28.632273,0.013717,40.759167,-84.191318,0,0.997287,4948.204,0.285655,4,1,FALSE,FALSE,6.413676,0.180383,3
28.718008,0.014833,40.759169,-84.191314,0,1,4927.3223,0.31537,4,1,FALSE,FALSE,6.551081,0.185255,3
28.801199,0.015952,40.759171,-84.191309,0,1,4919.642,0.344249,4,1,FALSE,FALSE,6.636061,0.190112,3
28.880049,0.017074,40.759174,-84.191304,0,1,4911.7056,0.376867,4,1,FALSE,FALSE,6.796365,0.194911,3
28.95585,0.018199,40.759176,-84.1913,0,1,4909.016,0.408649,4,1,FALSE,FALSE,6.920365,0.19963,3
29.028973,0.019327,40.759179,-84.191295,0,1,4913.4336,0.440428,4,1,FALSE,FALSE,6.896479,0.204239,3
29.101229,0.020458,40.759181,-84.19129,0,1,4913.42,0.474281,4,1,FALSE,FALSE,6.930235,0.208698,3
29.17211,0.021593,40.759184,-84.191285,0,1,4919.2104,0.503976,4,1,FALSE,FALSE,6.75989,0.213001,3
29.24023,0.022731,40.759186,-84.191281,0,1,4932.738,0.533877,4,1,FALSE,FALSE,6.687436,0.21716,3
29.306725,0.023872,40.759189,-84.191276,0,1,4938.3403,0.567512,4,1,FALSE,FALSE,6.486238,0.221191,3
29.374088,0.025015,40.759191,-84.191271,0,1,4947.532,0.597405,4,1,FALSE,FALSE,6.664444,0.225116,3
29.437616,0.026161,40.759194,-84.191267,0,1,4965.816,0.627504,4,1,FALSE,FALSE,6.643112,0.228955,3
29.500847,0.02731,40.759196,-84.191262,0,1,4981.955,0.663826,4,1,FALSE,FALSE,6.683642,0.232717,3
29.562548,0.028461,40.759199,-84.191257,0,1,4999.9326,0.696409,4,1,FALSE,FALSE,7.147839,0.23649,3
29.62411,0.029616,40.759202,-84.191252,0,1,5020.0015,0.730025,4,1,FALSE,FALSE,7.601597,0.240349,3
29.684761,0.030773,40.759204,-84.191248,0,1,5033.992,0.7626,4,1,FALSE,FALSE,7.50691,0.244339,3
29.745817,0.031933,40.759207,-84.191243,0,1,5052.1934,0.796001,4,1,FALSE,FALSE,7.170446,0.248522,3
29.80616,0.033096,40.75921,-84.191238,0,1,5074.113,0.823176,4,1,FALSE,FALSE,7.418902,0.252996,3
29.866228,0.034261,40.759212,-84.191234,0,1,5087.8203,0.849519,4,1,FALSE,FALSE,7.859512,0.257791,3
29.92773,0.035428,40.759215,-84.191229,0,0.988903,5093.5767,0.87109,4,1,FALSE,FALSE,7.973325,0.262906,3
29.990051,0.036599,40.759218,-84.191224,0,0.973613,5105.1787,0.890584,4,1,FALSE,FALSE,8.073402,0.268338,3
30.051327,0.037773,40.759221,-84.19122,0,0.959063,5117.8696,0.905308,4,1,FALSE,FALSE,8.461246,0.27408,3
30.110565,0.038949,40.759224,-84.191215,0,0.94328,5123.9067,0.917958,4,1,FALSE,FALSE,8.011751,0.280067,3
30.169283,0.040128,40.759226,-84.19121,0,0.92947,5131.5605,0.926045,4,1,FALSE,FALSE,7.463429,0.286237,3
30.227211,0.041309,40.759229,-84.191206,0,0.918372,5144.969,0.934962,4,1,FALSE,FALSE,6.929135,0.292541,3
30.284376,0.042493,40.759232,-84.191201,0,0.912947,5157.021,0.943671,4,1,FALSE,FALSE,7.147832,0.298926,3
30.339514,0.04368,40.759235,-84.191197,0,0.911961,5167.7793,0.954245,4,1,FALSE,FALSE,7.490741,0.305351,3
30.393538,0.04487,40.759238,-84.191192,0,0.910974,5185.015,0.968551,4,1,FALSE,FALSE,7.354134,0.311818,3
30.442772,0.046062,40.759241,-84.191187,0,0.910974,5213.3184,0.983064,4,1,FALSE,FALSE,7.364525,0.318378,3
30.48675,0.047256,40.759244,-84.191183,0,0.91196,5241.463,0.999857,4,1,FALSE,FALSE,7.164368,0.325045,3
30.52979,0.048452,40.759247,-84.191178,0,0.91418,5278.621,1.015198,4,1,FALSE,FALSE,7.467519,0.33189,3
30.57317,0.049649,40.75925,-84.191174,0,0.916153,5311.779,1.030745,4,1,FALSE,FALSE,7.398767,0.338988,3
30.617958,0.050849,40.759253,-84.191169,0,0.918372,5337.891,1.04484,4,1,FALSE,FALSE,7.778676,0.346387,3
30.662199,0.05205,40.759256,-84.191165,0,0.919359,5363.4336,1.0608,4,1,FALSE,FALSE,8.346857,0.35406,3
30.703537,0.053253,40.759259,-84.19116,0,0.919359,5382.0073,1.074687,4,1,FALSE,FALSE,9.413464,0.362038,3
30.744263,0.054458,40.759262,-84.191156,0,0.919359,5399.605,1.088987,4,1,FALSE,FALSE,10.862975,0.370437,3
30.782892,0.055665,40.759265,-84.191151,0,0.919359,5414.5215,1.104531,4,1,FALSE,FALSE,11.304436,0.379372,3
30.821133,0.056871,40.759268,-84.191147,0,0.918373,5425.0957,1.116758,4,1,FALSE,FALSE,11.656328,0.388907,3
30.858665,0.058075,40.759271,-84.191142,0,0.916153,5436.4272,1.127533,4,1,FALSE,FALSE,11.554133,0.399059,3
30.895231,0.059281,40.759275,-84.191138,0,0.910234,5449.3774,1.134372,4,1,FALSE,FALSE,12.170984,0.409823,3
30.932142,0.060488,40.759278,-84.191133,0,0.902836,5449.5586,1.136858,4,1,FALSE,FALSE,12.905267,0.421153,3
30.968204,0.061698,40.759281,-84.191129,0,0.889026,5443.6514,1.137065,4,1,FALSE,FALSE,13.440337,0.432978,3
31.000767,0.062908,40.759284,-84.191125,0,0.874229,5441.273,1.137065,4,1,FALSE,FALSE,14.231935,0.445218,3
31.030416,0.064118,40.759288,-84.19112,0,0.856227,5440.69,1.137065,4,1,FALSE,FALSE,14.28116,0.457838,3
31.058434,0.065328,40.759291,-84.191116,0,0.835512,5442.749,1.137065,4,1,FALSE,FALSE,13.887714,0.470826,3
31.08361,0.066539,40.759294,-84.191112,0,0.816523,5445.183,1.137065,4,1,FALSE,FALSE,13.27863,0.484132,3
31.106524,0.067751,40.759298,-84.191107,0,0.797781,5446.781,1.137065,4,1,FALSE,FALSE,13.071122,0.497657,3
31.127048,0.068964,40.759301,-84.191103,0,0.779285,5446.853,1.137065,4,1,FALSE,FALSE,13.217692,0.511311,3
31.144373,0.070179,40.759305,-84.191099,0,0.75857,5449.8154,1.137065,4,1,FALSE,FALSE,13.053566,0.524973,3
31.16041,0.071393,40.759308,-84.191095,0,0.742047,5451.532,1.137065,4,1,FALSE,FALSE,12.461497,0.538479,3
31.176792,0.072608,40.759312,-84.191091,0,0.722072,5450.9907,1.137065,4,1,FALSE,FALSE,11.801155,0.551711,3
31.190886,0.073823,40.759315,-84.191087,0,0.700617,5456.0586,1.137894,4,1,FALSE,FALSE,11.295912,0.564648,3
31.202929,0.07504,40.759319,-84.191083,0,0.683847,5457.173,1.142453,4,1,FALSE,FALSE,10.930117,0.577252,3
31.213268,0.076257,40.759322,-84.191079,0,0.665105,5457.194,1.151156,4,1,FALSE,FALSE,10.413069,0.589507,3
31.220978,0.077476,40.759326,-84.191075,0,0.645623,5467.602,1.164209,4,1,FALSE,FALSE,10.206388,0.601411,3
31.22616,0.078695,40.759329,-84.191071,0,0.628607,5472.89,1.178091,4,1,FALSE,FALSE,9.936322,0.612926,3
31.22933,0.079915,40.759333,-84.191067,0,0.612577,5478.3345,1.189901,4,1,FALSE,FALSE,9.321293,0.62407,3
31.23073,0.081135,40.759337,-84.191063,0,0.598274,5492.6167,1.199431,4,1,FALSE,FALSE,9.273629,0.634899,3
31.23052,0.082357,40.75934,-84.191059,0,0.584464,5500.1533,1.202745,4,1,FALSE,FALSE,8.885534,0.645461,3
31.2298,0.083578,40.759344,-84.191055,0,0.572873,5508.2354,1.200467,4,1,FALSE,FALSE,8.629094,0.6558,3
31.226849,0.084801,40.759348,-84.191051,0,0.559556,5521.584,1.187208,4,1,FALSE,FALSE,8.835409,0.665982,3
31.222103,0.086026,40.759351,-84.191048,0,0.546732,5525.348,1.165245,4,1,FALSE,FALSE,9.142984,0.676031,3
31.213938,0.08725,40.759355,-84.191044,0,0.53095,5525.201,1.133128,4,1,FALSE,FALSE,10.114755,0.686004,3
31.202824,0.088474,40.759359,-84.19104,0,0.510234,5525.747,1.086501,4,1,FALSE,FALSE,10.572807,0.696022,3
31.189638,0.089699,40.759362,-84.191036,0,0.489026,5518.4385,1.038829,4,1,FALSE,FALSE,10.998311,0.706198,3
31.172205,0.090924,40.759366,-84.191033,0,0.464612,5505.709,0.986381,4,1,FALSE,FALSE,11.675628,0.71665,3
31.15096,0.09215,40.75937,-84.191029,0,0.434772,5492.902,0.918995,4,1,FALSE,FALSE,12.227489,0.727501,3
31.126408,0.093377,40.759374,-84.191025,0,0.406165,5475.784,0.852008,4,1,FALSE,FALSE,12.83008,0.738839,3
31.098593,0.094603,40.759377,-84.191022,0,0.374846,5448.6772,0.77899,4,1,FALSE,FALSE,13.192558,0.750698,3
31.069159,0.095828,40.759381,-84.191018,0,0.337854,5413.7715,0.691221,4,1,FALSE,FALSE,13.698926,0.763076,3
31.036201,0.097052,40.759385,-84.191015,0,0.305302,5372.4663,0.613182,4,1,FALSE,FALSE,14.550323,0.775941,3
31.000494,0.098276,40.759389,-84.191011,0,0.274723,5321.1445,0.525156,4,1,FALSE,FALSE,14.596283,0.789233,3
30.961334,0.099502,40.759393,-84.191008,0,0.258693,5275.5444,0.463066,4,1,FALSE,FALSE,15.027517,0.802909,3
30.918224,0.100727,40.759397,-84.191005,0,0.248089,5227.433,0.387461,4,1,FALSE,FALSE,15.310375,0.816882,3
30.872015,0.101951,40.759401,-84.191001,0,0.245869,5174.882,0.328875,4,1,FALSE,FALSE,15.198676,0.831085,3
30.824156,0.103173,40.759405,-84.190998,0,0.245869,5138.418,0.27007,4,1,FALSE,FALSE,15.11033,0.845453,3
30.772074,0.104394,40.759408,-84.190995,0,0.245869,5101.8286,0.22601,4,1,FALSE,FALSE,15.727162,0.85993,3
30.716154,0.105615,40.759412,-84.190992,0,0.245869,5065.354,0.188804,4,1,FALSE,FALSE,16.054438,0.874497,3
30.658983,0.106837,40.759416,-84.190988,0,0.245869,5038.7954,0.1676,4,1,FALSE,FALSE,15.933526,0.88914,3
30.599874,0.108057,40.75942,-84.190985,0,0.245869,5010.107,0.153672,4,1,FALSE,FALSE,15.82346,0.903837,3
30.539593,0.109275,40.759424,-84.190982,0,0.245869,4983.404,0.145564,4,1,FALSE,FALSE,15.947605,0.918538,3
30.477083,0.110491,40.759428,-84.190979,0,0.245869,4964.032,0.141821,4,1,FALSE,FALSE,16.159052,0.933249,3
30.4114,0.111705,40.759432,-84.190976,0,0.245869,4938.166,0.142029,4,1,FALSE,FALSE,16.256277,0.947929,3
30.344498,0.112919,40.759436,-84.190974,0,0.245869,4914.4634,0.146811,4,1,FALSE,FALSE,16.207903,0.962512,3
30.275608,0.114134,40.75944,-84.190971,0,0.245869,4899.133,0.154711,4,1,FALSE,FALSE,16.242779,0.976957,3
30.204687,0.115346,40.759444,-84.190968,0,0.245869,4875.408,0.169264,4,1,FALSE,FALSE,15.77466,0.991188,3
30.135218,0.116556,40.759448,-84.190965,0,0.244883,4854.8237,0.183399,4,1,FALSE,FALSE,15.510195,1.005142,3
30.066366,0.117764,40.759452,-84.190963,0,0.244883,4840.6055,0.203146,4,1,FALSE,FALSE,15.378328,1.018795,3
29.996872,0.118969,40.759456,-84.19096,0,0.244883,4818.1685,0.222476,4,1,FALSE,FALSE,15.198494,1.03209,3
29.925037,0.120175,40.759461,-84.190958,0,0.245869,4801.1685,0.240559,4,1,FALSE,FALSE,15.08028,1.044977,3
29.852861,0.121381,40.759465,-84.190955,0,0.242663,4785.518,0.261341,4,1,FALSE,FALSE,14.226146,1.057354,3
29.78436,0.122584,40.759469,-84.190953,0,0.237978,4764.2915,0.279421,4,1,FALSE,FALSE,13.619827,1.069179,3
29.716526,0.123785,40.759473,-84.19095,0,0.231073,4746.6885,0.296045,4,1,FALSE,FALSE,13.345538,1.080455,3
29.649271,0.124983,40.759477,-84.190948,0,0.220962,4727.9136,0.314331,4,1,FALSE,FALSE,13.161408,1.091194,3
29.57821,0.12618,40.759481,-84.190946,0,0.211344,4707.6777,0.324927,4,1,FALSE,FALSE,13.864182,1.101444,3
29.505392,0.12738,40.759485,-84.190943,0,0.20148,4685.714,0.327213,4,1,FALSE,FALSE,13.712644,1.111253,3
29.433592,0.128579,40.759489,-84.190941,0,0.192355,4662.679,0.323472,4,1,FALSE,FALSE,13.223599,1.120665,3
29.363726,0.129776,40.759493,-84.190939,0,0.18693,4641.8403,0.308305,4,1,FALSE,FALSE,13.279991,1.129772,3
29.291334,0.13097,40.759497,-84.190937,0,0.181258,4620.1323,0.284201,4,1,FALSE,FALSE,13.899849,1.138642,3
29.214888,0.132162,40.759502,-84.190935,0,0.176325,4596.016,0.247001,4,1,FALSE,FALSE,14.334464,1.1473,3
29.135695,0.133351,40.759506,-84.190933,0,0.174353,4576.5894,0.212084,4,1,FALSE,FALSE,14.504284,1.155794,3
29.060461,0.13453,40.75951,-84.190931,0,0.172133,4558.429,0.161156,4,1,FALSE,FALSE,13.57617,1.164193,3
28.988564,0.135704,40.759514,-84.190929,0,0.17016,4540.2754,0.103981,4,1,FALSE,FALSE,13.490507,1.172605,3
28.915558,0.136875,40.759518,-84.190927,0,0.168927,4524.79,0.04846,4,1,FALSE,FALSE,13.869449,1.181129,3
28.84118,0.138043,40.759522,-84.190925,0,0.168927,4508.9478,-0.013937,4,1,FALSE,FALSE,14.339893,1.189818,3
28.764944,0.139209,40.759526,-84.190924,0,0.168927,4494.667,-0.063654,4,1,FALSE,FALSE,14.65899,1.198708,3
28.689577,0.140373,40.75953,-84.190922,0,0.168927,4482.0405,-0.12982,4,1,FALSE,FALSE,14.509583,1.207854,3
28.615786,0.141528,40.759534,-84.19092,0,0.168927,4468.5405,-0.183303,4,1,FALSE,FALSE,14.346823,1.217271,3
28.54315,0.142678,40.759538,-84.190918,0,0.168927,4453.849,-0.241791,4,1,FALSE,FALSE,14.111862,1.226906,3
28.473846,0.143826,40.759543,-84.190917,0,0.168927,4439.41,-0.290297,4,1,FALSE,FALSE,13.943583,1.236685,3
28.40234,0.144971,40.759547,-84.190915,0,0.167941,4425.6743,-0.328816,4,1,FALSE,FALSE,14.498137,1.246568,3
28.326746,0.146113,40.759551,-84.190914,0,0.167941,4411.4355,-0.364008,4,1,FALSE,FALSE,15.146118,1.256539,3
28.25024,0.147252,40.759555,-84.190913,0,0.167941,4396.7837,-0.385042,4,1,FALSE,FALSE,14.968586,1.266554,3
28.178234,0.148387,40.759559,-84.190911,0,0.167941,4382.3022,-0.398996,4,1,FALSE,FALSE,14.446603,1.276587,3
28.106565,0.149517,40.759563,-84.19091,0,0.168927,4368.391,-0.405661,4,1,FALSE,FALSE,14.577377,1.286642,3
28.032354,0.150644,40.759567,-84.190909,0,0.168927,4352.166,-0.404204,4,1,FALSE,FALSE,15.115821,1.296701,3
27.956272,0.151768,40.759571,-84.190907,0,0.168927,4337.09,-0.396914,4,1,FALSE,FALSE,15.538883,1.306741,3
27.877323,0.152888,40.759575,-84.190906,0,0.17016,4324.406,-0.382335,4,1,FALSE,FALSE,16.269196,1.316757,3
27.793959,0.154006,40.75958,-84.190905,0,0.171147,4307.488,-0.362968,4,1,FALSE,FALSE,16.52188,1.326725,3
27.708517,0.155121,40.759584,-84.190904,0,0.175339,4291.5366,-0.339228,4,1,FALSE,FALSE,16.616793,1.336595,3
27.621668,0.156233,40.759588,-84.190903,0,0.179531,4277.524,-0.305705,4,1,FALSE,FALSE,17.077072,1.346301,3
27.532787,0.15734,40.759592,-84.190902,0,0.184464,4262.7617,-0.274475,4,1,FALSE,FALSE,17.277441,1.355855,3
27.44071,0.158444,40.759596,-84.190901,0,0.189149,4249.9404,-0.241375,4,1,FALSE,FALSE,17.69839,1.365214,3
27.348156,0.159544,40.7596,-84.1909,0,0.191369,4238.6113,-0.204116,4,1,FALSE,FALSE,17.4666,1.374364,3
27.256472,0.16064,40.759604,-84.1909,0,0.193342,4227.7314,-0.173104,4,1,FALSE,FALSE,17.811766,1.383315,3
27.163395,0.161734,40.759608,-84.190899,0,0.194575,4213.378,-0.144178,4,1,FALSE,FALSE,17.439533,1.392019,3
27.072546,0.162827,40.759612,-84.190898,0,0.195561,4202.1924,-0.110468,4,1,FALSE,FALSE,17.339867,1.40041,3
26.982079,0.163916,40.759616,-84.190898,0,0.196547,4193.0083,-0.074265,4,1,FALSE,FALSE,17.267397,1.408484,3
26.890537,0.165001,40.75962,-84.190897,0,0.19778,4178.6064,-0.043059,4,1,FALSE,FALSE,17.373947,1.416211,3
26.80134,0.166082,40.759624,-84.190897,0,0.197781,4168.0938,-0.002704,4,1,FALSE,FALSE,16.972837,1.423547,3
26.715885,0.16716,40.759628,-84.190896,0,0.198767,4160.9473,0.036397,4,1,FALSE,FALSE,16.53477,1.430573,3
26.632715,0.168236,40.759632,-84.190896,0,0.202466,4151.0923,0.084643,4,1,FALSE,FALSE,16.022772,1.437296,3
26.55326,0.169312,40.759636,-84.190895,0,0.208878,4144.0474,0.129763,4,1,FALSE,FALSE,15.606608,1.4437,3
26.475746,0.170387,40.75964,-84.190895,0,0.221455,4141.8794,0.174045,4,1,FALSE,FALSE,15.19713,1.449735,3
26.3999,0.171458,40.759644,-84.190895,0,0.240691,4139.834,0.222061,4,1,FALSE,FALSE,14.949186,1.455332,3
26.3263,0.172526,40.759648,-84.190895,0,0.261899,4145.4517,0.264043,4,1,FALSE,FALSE,14.766849,1.460468,3
26.258127,0.173592,40.759652,-84.190895,0,0.28582,4155.875,0.306642,4,1,FALSE,FALSE,13.969082,1.465149,3
26.195913,0.174655,40.759656,-84.190895,0,0.312207,4172.964,0.349859,4,1,FALSE,FALSE,13.482475,1.469469,3
26.13693,0.175716,40.75966,-84.190895,0,0.345253,4197.5073,0.399094,4,1,FALSE,FALSE,13.41874,1.473526,3
26.080704,0.176783,40.759664,-84.190895,0,0.384957,4227.667,0.452682,4,1,FALSE,FALSE,13.417758,1.477379,3
26.027824,0.177847,40.759668,-84.190895,0,0.433292,4267.746,0.4992,4,1,FALSE,FALSE,13.445046,1.481092,3
25.978304,0.178908,40.759672,-84.190895,0,0.475216,4314.2593,0.531593,4,1,FALSE,FALSE,13.559772,1.484798,3
25.933104,0.179967,40.759676,-84.190895,0,0.516646,4360.6704,0.565435,4,1,FALSE,FALSE,13.4845,1.488542,3
25.893908,0.181024,40.759679,-84.190895,0,0.557337,4411.5435,0.59782,4,1,FALSE,FALSE,13.324836,1.492332,3
25.859081,0.18208,40.759683,-84.190895,0,0.58619,4465.111,0.622315,4,1,FALSE,FALSE,13.655552,1.496233,3
25.826218,0.183139,40.759687,-84.190896,0,0.606905,4509.9937,0.64577,4,1,FALSE,FALSE,14.024501,1.500274,3
25.796974,0.184201,40.759691,-84.190896,0,0.617509,4549.52,0.662373,4,1,FALSE,FALSE,13.779139,1.504452,3
25.77468,0.185261,40.759695,-84.190897,0,0.619975,4589.2925,0.676901,4,1,FALSE,FALSE,13.646104,1.508809,3
25.755646,0.18632,40.759699,-84.190897,0,0.619975,4621.666,0.688315,4,1,FALSE,FALSE,14.042617,1.51345,3
25.73614,0.187378,40.759703,-84.190897,0,0.616276,4647.3438,0.698691,4,1,FALSE,FALSE,14.214189,1.518485,3
25.719044,0.188435,40.759706,-84.190898,0,0.606905,4673.365,0.709067,4,1,FALSE,FALSE,14.214288,1.523944,3
25.70532,0.189491,40.75971,-84.190899,0,0.595561,4685.684,0.71716,4,1,FALSE,FALSE,14.822793,1.529799,3
25.69265,0.190547,40.759714,-84.190899,0,0.584464,4681.5283,0.726083,4,1,FALSE,FALSE,15.160529,1.536007,3
25.680834,0.191602,40.759718,-84.1909,0,0.571887,4681.4346,0.734175,4,1,FALSE,FALSE,14.918576,1.542575,3
25.671188,0.192655,40.759722,-84.190901,0,0.563255,4680.721,0.740607,4,1,FALSE,FALSE,14.711781,1.549522,3
25.66333,0.193708,40.759726,-84.190902,0,0.559063,4670.1543,0.745379,4,1,FALSE,FALSE,14.920946,1.556796,3
25.656342,0.194759,40.759729,-84.190902,0,0.558077,4655.7793,0.749321,4,1,FALSE,FALSE,15.142426,1.564315,3
25.650404,0.195811,40.759733,-84.190903,0,0.558076,4643.2246,0.752226,4,1,FALSE,FALSE,14.758542,1.572004,3
25.64496,0.196861,40.759737,-84.190904,0,0.558076,4634.6816,0.757205,4,1,FALSE,FALSE,14.683585,1.579811,3
25.640512,0.197901,40.759741,-84.190905,0,0.558076,4622.8804,0.762393,4,1,FALSE,FALSE,14.572371,1.58764,3
25.63872,0.19894,40.759744,-84.190906,0,0.558076,4607.41,0.766542,4,1,FALSE,FALSE,13.93519,1.595375,3
25.639875,0.199978,40.759748,-84.190907,0,0.559063,4598.4185,0.770484,4,1,FALSE,FALSE,13.523293,1.602972,3
25.642275,0.201016,40.759752,-84.190909,0,0.561282,4588.449,0.775671,4,1,FALSE,FALSE,13.396708,1.610409,3
25.644714,0.202054,40.759756,-84.19091,0,0.564242,4579.3223,0.783347,4,1,FALSE,FALSE,13.37334,1.617652,3
25.64747,0.203091,40.759759,-84.190911,0,0.568187,4575.2964,0.79206,4,1,FALSE,FALSE,13.262432,1.62467,3
25.649414,0.204126,40.759763,-84.190912,0,0.57238,4572.604,0.803884,4,1,FALSE,FALSE,13.222655,1.631491,3
25.650423,0.205155,40.759767,-84.190914,0,0.573366,4575.626,0.815501,4,1,FALSE,FALSE,12.994268,1.638204,3
25.653402,0.206184,40.759771,-84.190915,0,0.573366,4582.8325,0.826288,4,1,FALSE,FALSE,12.617949,1.644863,3
25.658125,0.207212,40.759774,-84.190916,0,0.57238,4580.329,0.838733,4,1,FALSE,FALSE,13.165887,1.651498,3
25.661724,0.208239,40.759778,-84.190918,0,0.571147,4577.501,0.848897,4,1,FALSE,FALSE,13.635304,1.658138,3
25.663755,0.209266,40.759782,-84.190919,0,0.569174,4580.4663,0.856778,4,1,FALSE,FALSE,13.9357,1.664816,3
25.664581,0.210293,40.759785,-84.190921,0,0.565475,4577.0054,0.863416,4,1,FALSE,FALSE,14.058891,1.671549,3
25.66567,0.211318,40.759789,-84.190922,0,0.55857,4571.6523,0.868601,4,1,FALSE,FALSE,14.069337,1.678346,3
25.667555,0.21234,40.759793,-84.190924,0,0.547965,4566.8687,0.870053,4,1,FALSE,FALSE,14.20462,1.685245,3
25.669239,0.213361,40.759796,-84.190926,0,0.537855,4557.893,0.870053,4,1,FALSE,FALSE,14.383112,1.692314,3
25.671535,0.214381,40.7598,-84.190928,0,0.52725,4544.33,0.870053,4,1,FALSE,FALSE,14.674368,1.699568,3
25.672363,0.215401,40.759803,-84.190929,0,0.520345,4533.2783,0.870053,4,1,FALSE,FALSE,14.886953,1.706988,3
25.670624,0.216421,40.759807,-84.190931,0,0.513933,4524.6387,0.870053,4,1,FALSE,FALSE,15.08929,1.714599,3
25.667988,0.21744,40.759811,-84.190933,0,0.508755,4513.2837,0.870053,4,1,FALSE,FALSE,15.052066,1.722436,3
25.666359,0.218459,40.759814,-84.190935,0,0.505549,4503.21,0.870053,4,1,FALSE,FALSE,14.911785,1.730493,3
25.66415,0.219475,40.759818,-84.190937,0,0.502343,4496.692,0.870053,4,1,FALSE,FALSE,14.65535,1.738755,3
25.660604,0.220491,40.759821,-84.190939,0,0.50111,4492.1875,0.870053,4,1,FALSE,FALSE,14.85799,1.747233,3
25.657104,0.221507,40.759825,-84.190941,0,0.499137,4485.114,0.870053,4,1,FALSE,FALSE,15.03418,1.755918,3
25.65393,0.222521,40.759828,-84.190943,0,0.497904,4474.433,0.870053,4,1,FALSE,FALSE,15.526525,1.764775,3
25.649857,0.223536,40.759832,-84.190946,0,0.499137,4465.2666,0.87109,4,1,FALSE,FALSE,15.964868,1.773759,3
25.644218,0.22455,40.759835,-84.190948,0,0.499137,4457.586,0.872542,4,1,FALSE,FALSE,16.311836,1.782874,3
25.638786,0.225565,40.759839,-84.19095,0,0.499137,4450.75,0.875445,4,1,FALSE,FALSE,16.031874,1.792165,3
25.635414,0.22658,40.759842,-84.190952,0,0.497904,4445.1646,0.880215,4,1,FALSE,FALSE,15.42236,1.801619,3
25.633396,0.227593,40.759845,-84.190955,0,0.499137,4438.8857,0.882703,4,1,FALSE,FALSE,15.529833,1.811203,3
25.631176,0.228606,40.759849,-84.190957,0,0.499137,4433.302,0.885607,4,1,FALSE,FALSE,15.396484,1.820865,3
25.62949,0.229619,40.759852,-84.19096,0,0.497904,4429.5903,0.887889,4,1,FALSE,FALSE,15.128561,1.830524,3
25.628094,0.230632,40.759856,-84.190962,0,0.497904,4422.929,0.889755,4,1,FALSE,FALSE,15.169721,1.840077,3
25.62712,0.231644,40.759859,-84.190965,0,0.499137,4411.1816,0.894525,4,1,FALSE,FALSE,15.227396,1.849413,3
25.62711,0.23266,40.759862,-84.190967,0,0.500123,4403.976,0.900953,4,1,FALSE,FALSE,15.0368,1.858469,3
25.629519,0.233676,40.759865,-84.19097,0,0.500123,4397.0527,0.909456,4,1,FALSE,FALSE,14.149133,1.867193,3
25.63384,0.234691,40.759869,-84.190973,0,0.50111,4391.7905,0.921483,4,1,FALSE,FALSE,13.649653,1.875545,3
25.637768,0.235706,40.759872,-84.190976,0,0.50111,4394.5405,0.934547,4,1,FALSE,FALSE,13.258724,1.883543,3
25.6418,0.236721,40.759875,-84.190978,0,0.50111,4397.707,0.954038,4,1,FALSE,FALSE,13.085493,1.891224,3
25.646551,0.237736,40.759878,-84.190981,0,0.502343,4395.454,0.974772,4,1,FALSE,FALSE,12.97206,1.898591,3
25.651915,0.238751,40.759882,-84.190984,0,0.502343,4395.7295,0.994259,4,1,FALSE,FALSE,12.966523,1.905627,3
25.657597,0.239772,40.759885,-84.190987,0,0.503329,4395.925,1.02038,4,1,FALSE,FALSE,12.774869,1.91231,3
25.66348,0.240793,40.759888,-84.19099,0,0.504316,4396.504,1.046084,4,1,FALSE,FALSE,12.574899,1.918661,3
25.668125,0.241814,40.759891,-84.190993,0,0.506535,4401.456,1.062043,4,1,FALSE,FALSE,13.025594,1.924793,3
25.671322,0.242834,40.759894,-84.190996,0,0.506535,4403.305,1.080076,4,1,FALSE,FALSE,13.458505,1.930821,3
25.674849,0.243854,40.759897,-84.190999,0,0.506535,4406.6934,1.094168,4,1,FALSE,FALSE,13.423666,1.93685,3
25.679619,0.244873,40.7599,-84.191002,0,0.506535,4412.0757,1.101837,4,1,FALSE,FALSE,13.202537,1.942954,3
25.685993,0.245893,40.759903,-84.191005,0,0.506535,4412.257,1.108676,4,1,FALSE,FALSE,13.278693,1.94914,3
25.691856,0.246922,40.759906,-84.191008,0,0.505549,4410.507,1.112198,4,1,FALSE,FALSE,13.282398,1.955388,3
25.697378,0.24795,40.759909,-84.191011,0,0.505549,4408.685,1.112405,4,1,FALSE,FALSE,13.57625,1.961669,3
25.704252,0.248977,40.759912,-84.191014,0,0.504316,4403.6562,1.112405,4,1,FALSE,FALSE,13.5777,1.967991,3
25.71195,0.250003,40.759915,-84.191018,0,0.502343,4399.652,1.113649,4,1,FALSE,FALSE,13.619561,1.974381,3
25.71958,0.25103,40.759918,-84.191021,0,0.50111,4399.019,1.114685,4,1,FALSE,FALSE,13.765632,1.980879,3
25.72655,0.252057,40.759921,-84.191024,0,0.499137,4397.441,1.114893,4,1,FALSE,FALSE,13.733116,1.987555,3
25.735794,0.253083,40.759924,-84.191028,0,0.499137,4399.4023,1.114892,4,1,FALSE,FALSE,13.361716,1.9945,3
25.745214,0.254108,40.759927,-84.191031,0,0.499137,4405.0913,1.114892,4,1,FALSE,FALSE,13.127687,2.001744,3
25.753977,0.255132,40.75993,-84.191035,0,0.499137,4408.8047,1.114892,4,1,FALSE,FALSE,13.354862,2.009283,3
25.763332,0.256156,40.759932,-84.191038,0,0.499137,4407.392,1.114892,4,1,FALSE,FALSE,13.513775,2.017063,3
25.774126,0.257179,40.759935,-84.191042,0,0.499137,4402.8135,1.114892,4,1,FALSE,FALSE,13.732223,2.025034,3
25.785225,0.258202,40.759938,-84.191045,0,0.499137,4395.808,1.114892,4,1,FALSE,FALSE,13.957937,2.03311,3
25.798092,0.259225,40.759941,-84.191049,0,0.499137,4385.8867,1.114892,4,1,FALSE,FALSE,14.141695,2.041216,3
25.812178,0.260246,40.759943,-84.191052,0,0.499137,4376.7964,1.114892,4,1,FALSE,FALSE,14.274068,2.049308,3
25.825502,0.261262,40.759946,-84.191056,0,0.499137,4372.3516,1.115928,4,1,FALSE,FALSE,13.981941,2.057361,3
25.83859,0.262278,40.759949,-84.19106,0,0.499137,4368.6846,1.117586,4,1,FALSE,FALSE,13.686798,2.065343,3
25.85137,0.263292,40.759952,-84.191064,0,0.499137,4363.417,1.121317,4,1,FALSE,FALSE,13.607021,2.073214,3
25.864822,0.264307,40.759954,-84.191067,0,0.499137,4360.599,1.126912,4,1,FALSE,FALSE,13.643134,2.080951,3
25.877758,0.265322,40.759957,-84.191071,0,0.499137,4358.95,1.135201,4,1,FALSE,FALSE,13.779568,2.088533,3
25.890696,0.266337,40.759959,-84.191075,0,0.499137,4354.9556,1.144733,4,1,FALSE,FALSE,13.666432,2.095937,3
25.904789,0.26735,40.759962,-84.191079,0,0.499137,4353.822,1.153849,4,1,FALSE,FALSE,13.407005,2.10318,3
25.918745,0.268359,40.759964,-84.191083,0,0.499137,4354.4966,1.165038,4,1,FALSE,FALSE,13.245729,2.110288,3
25.932762,0.269368,40.759967,-84.191087,0,0.499137,4355.2227,1.175398,4,1,FALSE,FALSE,12.854923,2.117298,3
25.946877,0.270376,40.759969,-84.191091,0,0.499137,4356.465,1.186171,4,1,FALSE,FALSE,12.679367,2.124205,3
25.96162,0.271384,40.759972,-84.191095,0,0.497904,4359.1816,1.199017,4,1,FALSE,FALSE,12.842634,2.131016,3
25.97609,0.272392,40.759974,-84.191099,0,0.499137,4361.5996,1.212068,4,1,FALSE,FALSE,12.698495,2.137766,3
25.990551,0.2734,40.759977,-84.191103,0,0.499137,4363.325,1.227606,4,1,FALSE,FALSE,12.661245,2.14449,3
26.005156,0.274407,40.759979,-84.191107,0,0.497904,4365.048,1.241898,4,1,FALSE,FALSE,12.793766,2.151241,3
26.020147,0.275412,40.759981,-84.191111,0,0.497904,4368.235,1.255777,4,1,FALSE,FALSE,12.817348,2.15807,3
26.035252,0.276416,40.759984,-84.191115,0,0.499137,4372.3496,1.267997,4,1,FALSE,FALSE,12.702585,2.165016,3
26.049904,0.277419,40.759986,-84.191119,0,0.499137,4375.426,1.280839,4,1,FALSE,FALSE,12.917297,2.172106,3
26.064104,0.278423,40.759988,-84.191123,0,0.497904,4374.443,1.291816,4,1,FALSE,FALSE,13.005285,2.179359,3
26.079412,0.279426,40.75999,-84.191128,0,0.497904,4374.884,1.301343,4,1,FALSE,FALSE,12.958771,2.186779,3
26.096582,0.28043,40.759993,-84.191132,0,0.497904,4374.0713,1.310248,4,1,FALSE,FALSE,13.035332,2.194346,3
26.113808,0.281433,40.759995,-84.191136,0,0.497904,4371.1416,1.318532,4,1,FALSE,FALSE,13.141305,2.202021,3
26.12987,0.282435,40.759997,-84.19114,0,0.499137,4369.446,1.327023,4,1,FALSE,FALSE,12.987466,2.209773,3
26.145979,0.283437,40.759999,-84.191145,0,0.499137,4371.0728,1.335098,4,1,FALSE,FALSE,13.516387,2.217639,3
26.161476,0.284439,40.760001,-84.191149,0,0.497904,4366.748,1.343589,4,1,FALSE,FALSE,13.883561,2.225614,3
26.177664,0.28544,40.760003,-84.191154,0,0.497904,4363.2285,1.352907,4,1,FALSE,FALSE,13.783492,2.233699,3
26.193806,0.286442,40.760005,-84.191158,0,0.499137,4367.9097,1.359326,4,1,FALSE,FALSE,13.725302,2.241918,3
26.210033,0.287444,40.760007,-84.191162,0,0.499137,4367.69,1.365952,4,1,FALSE,FALSE,13.252193,2.250242,3
26.226992,0.288446,40.760009,-84.191167,0,0.497904,4368.1924,1.369886,4,1,FALSE,FALSE,13.049032,2.258644,3
26.242626,0.289449,40.760011,-84.191171,0,0.497904,4369.4463,1.371335,4,1,FALSE,FALSE,13.232089,2.267072,3
26.258358,0.290451,40.760013,-84.191176,0,0.497904,4368.1772,1.372578,4,1,FALSE,FALSE,13.306669,2.275485,3
26.274378,0.291453,40.760015,-84.191181,0,0.497904,4367.961,1.374855,4,1,FALSE,FALSE,13.392997,2.283874,3
26.29156,0.292456,40.760017,-84.191185,0,0.497904,4366.2915,1.377961,4,1,FALSE,FALSE,13.221203,2.292203,3
26.309944,0.293458,40.760019,-84.19119,0,0.497904,4368.4697,1.381895,4,1,FALSE,FALSE,12.622653,2.300454,3
26.327845,0.294461,40.76002,-84.191194,0,0.496917,4374.7207,1.386657,4,1,FALSE,FALSE,12.082954,2.308626,3
26.345785,0.295465,40.760022,-84.191199,0,0.496917,4379.854,1.390591,4,1,FALSE,FALSE,12.033321,2.316732,3
26.363535,0.29647,40.760024,-84.191204,0,0.496917,4383.908,1.39556,4,1,FALSE,FALSE,12.231745,2.324799,3
26.380756,0.297475,40.760026,-84.191208,0,0.496917,4387.645,1.400943,4,1,FALSE,FALSE,12.267982,2.332835,3
26.398476,0.29848,40.760027,-84.191213,0,0.497904,4393.6304,1.407568,4,1,FALSE,FALSE,12.129704,2.340857,3
26.416842,0.299485,40.760029,-84.191218,0,0.496917,4400.748,1.416263,4,1,FALSE,FALSE,11.850513,2.348896,3
26.435144,0.30049,40.760031,-84.191223,0,0.497904,4406.6987,1.422888,4,1,FALSE,FALSE,11.647103,2.356955,3
26.452736,0.301496,40.760032,-84.191227,0,0.497904,4411.3384,1.429305,4,1,FALSE,FALSE,11.869866,2.365033,3
26.470627,0.302503,40.760034,-84.191232,0,0.497904,4415.0044,1.43448,4,1,FALSE,FALSE,12.188505,2.373133,3
26.486969,0.303513,40.760035,-84.191237,0,0.497904,4417.558,1.438827,4,1,FALSE,FALSE,12.461315,2.381259,3
26.503384,0.304523,40.760037,-84.191242,0,0.497904,4418.8315,1.443589,4,1,FALSE,FALSE,12.555918,2.389417,3
26.520746,0.305533,40.760038,-84.191247,0,0.497904,4422.173,1.447728,4,1,FALSE,FALSE,12.627657,2.397651,3
26.536516,0.306542,40.76004,-84.191252,0,0.497904,4425.092,1.451248,4,1,FALSE,FALSE,12.924968,2.406013,3
26.549932,0.307551,40.760041,-84.191256,0,0.497904,4428.083,1.453939,4,1,FALSE,FALSE,13.743121,2.414558,3
26.562191,0.308561,40.760043,-84.191261,0,0.497904,4429.137,1.454146,4,1,FALSE,FALSE,13.963651,2.423338,3
26.574009,0.309573,40.760044,-84.191266,0,0.497904,4430.5146,1.454146,4,1,FALSE,FALSE,14.028863,2.432398,3
26.585354,0.310589,40.760045,-84.191271,0,0.499137,4432.5747,1.454146,4,1,FALSE,FALSE,14.270029,2.441745,3
26.596815,0.311605,40.760047,-84.191276,0,0.503822,4433.8203,1.454146,4,1,FALSE,FALSE,14.515136,2.451366,3
26.6076,0.31262,40.760048,-84.191281,0,0.509248,4436.1846,1.454146,4,1,FALSE,FALSE,14.652921,2.461221,3
26.618586,0.313635,40.760049,-84.191286,0,0.51492,4438.0933,1.452904,4,1,FALSE,FALSE,14.88556,2.471271,3
26.63189,0.31465,40.76005,-84.191291,0,0.518619,4438.758,1.448971,4,1,FALSE,FALSE,15.110429,2.48145,3
26.645882,0.315665,40.760051,-84.191296,0,0.520838,4435.7344,1.442347,4,1,FALSE,FALSE,14.884594,2.491646,3
26.660528,0.316681,40.760052,-84.191301,0,0.524044,4437.667,1.429512,4,1,FALSE,FALSE,14.582138,2.501785,3
26.676245,0.317696,40.760053,-84.191306,0,0.525031,4440.882,1.41502,4,1,FALSE,FALSE,14.509253,2.511812,3
26.691763,0.318711,40.760055,-84.191312,0,0.526264,4440.2417,1.397009,4,1,FALSE,FALSE,14.445538,2.521692,3
26.708258,0.319725,40.760056,-84.191317,0,0.52725,4442.601,1.37382,4,1,FALSE,FALSE,14.200722,2.531402,3
26.725302,0.32074,40.760056,-84.191322,0,0.52725,4448.148,1.349179,4,1,FALSE,FALSE,13.804014,2.540928,3
26.742758,0.321755,40.760057,-84.191327,0,0.52725,4453.0923,1.329507,4,1,FALSE,FALSE,13.396944,2.550284,3
26.761103,0.322771,40.760058,-84.191332,0,0.528237,4460.347,1.306106,4,1,FALSE,FALSE,12.978035,2.559482,3
26.779232,0.323786,40.760059,-84.191337,0,0.529223,4468.355,1.286845,4,1,FALSE,FALSE,12.464268,2.568522,3
26.7986,0.324802,40.76006,-84.191342,0,0.532429,4476.2603,1.269033,4,1,FALSE,FALSE,11.906242,2.577369,3
26.820074,0.325817,40.760061,-84.191348,0,0.536868,4484.959,1.249563,4,1,FALSE,FALSE,11.090676,2.585969,3
26.841173,0.326832,40.760062,-84.191353,0,0.542047,4493.7993,1.232784,4,1,FALSE,FALSE,11.345854,2.594279,3
26.86363,0.327848,40.760062,-84.191358,0,0.545746,4502.355,1.218283,4,1,FALSE,FALSE,10.908659,2.602312,3
26.88735,0.328864,40.760063,-84.191363,0,0.548952,4510.91,1.20171,4,1,FALSE,FALSE,10.895062,2.610073,3
26.909466,0.32988,40.760064,-84.191368,0,0.552651,4521.757,1.184721,4,1,FALSE,FALSE,11.330412,2.617668,3
26.931398,0.330897,40.760064,-84.191374,0,0.555857,4534.4805,1.169389,4,1,FALSE,FALSE,11.490987,2.625234,3
26.952965,0.331913,40.760065,-84.191379,0,0.556843,4544.6304,1.152399,4,1,FALSE,FALSE,11.684216,2.632902,3
26.973837,0.332929,40.760066,-84.191384,0,0.558076,4558.7446,1.134578,4,1,FALSE,FALSE,12.014416,2.640782,3
26.99365,0.333946,40.760066,-84.191389,0,0.559063,4571.923,1.114478,4,1,FALSE,FALSE,12.93672,2.648973,3
27.011644,0.334963,40.760067,-84.191395,0,0.559063,4577.8735,1.085257,4,1,FALSE,FALSE,13.724887,2.657618,3
27.03018,0.33598,40.760067,-84.1914,0,0.559063,4583.7915,1.057691,4,1,FALSE,FALSE,14.275728,2.666825,3
27.050556,0.336998,40.760068,-84.191405,0,0.559063,4587.084,1.023282,4,1,FALSE,FALSE,14.695077,2.676634,3
27.065367,0.338016,40.760068,-84.191411,0,0.559063,4586.0044,0.99032,4,1,FALSE,FALSE,12.97473,2.687055,3
27.077631,0.339034,40.760068,-84.191416,0,0.559063,4592.439,0.959636,4,1,FALSE,FALSE,16.220886,2.698041,3
27.095589,0.340052,40.760069,-84.191421,0,0.559063,4594.0713,0.917958,4,1,FALSE,FALSE,16.870796,2.70947,3
27.118025,0.341071,40.760069,-84.191427,0,0.559063,4581.618,0.881667,4,1,FALSE,FALSE,16.341707,2.721169,3
27.142662,0.34209,40.760069,-84.191432,0,0.559063,4568.926,0.842882,4,1,FALSE,FALSE,16.086384,2.733008,3
27.167706,0.34311,40.760069,-84.191437,0,0.559063,4561.456,0.809071,4,1,FALSE,FALSE,16.140657,2.744864,3
27.193235,0.344131,40.76007,-84.191443,0,0.559063,4556.512,0.769239,4,1,FALSE,FALSE,15.876173,2.756617,3
27.216776,0.345153,40.76007,-84.191448,0,0.559063,4551.876,0.735005,4,1,FALSE,FALSE,15.858781,2.768084,3
27.238802,0.346176,40.76007,-84.191453,0,0.559063,4551.825,0.699106,4,1,FALSE,FALSE,15.899625,2.779133,3
27.26052,0.347199,40.76007,-84.191459,0,0.559063,4553.274,0.670675,4,1,FALSE,FALSE,15.784599,2.789713,3
27.283213,0.348223,40.76007,-84.191464,0,0.559063,4548.2876,0.64577,4,1,FALSE,FALSE,15.074839,2.799817,3
27.308582,0.349247,40.76007,-84.19147,0,0.559063,4546.611,0.622108,4,1,FALSE,FALSE,14.496237,2.809468,3
27.334284,0.350273,40.76007,-84.191475,0,0.559063,4549.571,0.597405,4,1,FALSE,FALSE,13.528484,2.818684,3
27.360552,0.351299,40.760069,-84.19148,0,0.558077,4555.7114,0.576854,4,1,FALSE,FALSE,12.123624,2.827398,3
27.389912,0.352328,40.760069,-84.191486,0,0.558076,4561.492,0.557753,4,1,FALSE,FALSE,11.784956,2.835436,3
27.419603,0.353357,40.760069,-84.191491,0,0.558076,4558.65,0.536576,4,1,FALSE,FALSE,11.463816,2.842695,3
27.450924,0.354388,40.760069,-84.191497,0,0.558076,4557.9336,0.522664,4,1,FALSE,FALSE,11.012313,2.849122,3
27.482252,0.355419,40.760069,-84.191502,0,0.558076,4559.7505,0.512282,4,1,FALSE,FALSE,10.514021,2.854747,3
27.514477,0.356452,40.760068,-84.191507,0,0.556843,4562.8086,0.501692,4,1,FALSE,FALSE,9.813648,2.859676,3
27.546047,0.357485,40.760068,-84.191513,0,0.556843,4574.1875,0.484664,4,1,FALSE,FALSE,9.337467,2.864059,3
27.575003,0.358521,40.760068,-84.191518,0,0.556843,4590.8877,0.468051,4,1,FALSE,FALSE,9.543648,2.868027,3
27.603306,0.359559,40.760067,-84.191524,0,0.555857,4606.531,0.449566,4,1,FALSE,FALSE,9.23999,2.871723,3
27.633196,0.360598,40.760067,-84.191529,0,0.553638,4623.199,0.432536,4,1,FALSE,FALSE,8.617635,2.875249,3
27.664524,0.361638,40.760067,-84.191534,0,0.551665,4636.3813,0.413842,4,1,FALSE,FALSE,8.265128,2.878697,3
27.697235,0.362679,40.760066,-84.19154,0,0.545253,4643.037,0.392446,4,1,FALSE,FALSE,8.493753,2.882142,3
27.73176,0.363722,40.760066,-84.191545,0,0.538348,4646.296,0.372712,4,1,FALSE,FALSE,9.293269,2.885621,3
27.767656,0.364766,40.760065,-84.191551,0,0.529223,4642.6763,0.353183,4,1,FALSE,FALSE,9.765441,2.889166,3
27.80399,0.365813,40.760065,-84.191556,0,0.518619,4639.2793,0.333653,4,1,FALSE,FALSE,9.740997,2.892804,3
27.84035,0.366863,40.760064,-84.191562,0,0.506535,4637.493,0.312876,4,1,FALSE,FALSE,9.530046,2.896545,3
27.878143,0.367914,40.760064,-84.191567,0,0.494944,4629.7656,0.293967,4,1,FALSE,FALSE,9.080196,2.90038,3
27.916958,0.368967,40.760063,-84.191573,0,0.482121,4618.8276,0.274641,4,1,FALSE,FALSE,8.915236,2.904287,3
27.956253,0.370021,40.760062,-84.191578,0,0.471023,4605.253,0.2576,4,1,FALSE,FALSE,9.271543,2.908228,3
27.995855,0.371077,40.760062,-84.191584,0,0.459926,4586.0913,0.240766,4,1,FALSE,FALSE,9.703444,2.912116,3
28.033392,0.372134,40.760061,-84.191589,0,0.447596,4564.7563,0.222476,4,1,FALSE,FALSE,9.734535,2.915852,3
28.06781,0.373197,40.76006,-84.191594,0,0.436005,4550.823,0.208966,4,1,FALSE,FALSE,9.10587,2.919384,3
28.098541,0.374262,40.760059,-84.1916,0,0.427374,4548.731,0.197534,4,1,FALSE,FALSE,8.280769,2.922693,3
28.126127,0.375328,40.760059,-84.191605,0,0.419975,4548.7603,0.187141,4,1,FALSE,FALSE,7.284534,2.925791,3
28.154097,0.376396,40.760058,-84.191611,0,0.414797,4545.573,0.179449,4,1,FALSE,FALSE,6.811258,2.928698,3
28.182121,0.377464,40.760057,-84.191616,0,0.409371,4544.39,0.174045,4,1,FALSE,FALSE,6.717099,2.931412,3
28.207659,0.378533,40.760056,-84.191622,0,0.407152,4544.1943,0.169056,4,1,FALSE,FALSE,6.336246,2.933912,3
28.232582,0.379605,40.760055,-84.191627,0,0.404686,4545.076,0.167808,4,1,FALSE,FALSE,5.842465,2.93618,3
28.256859,0.380684,40.760055,-84.191633,0,0.403452,4548.705,0.167808,4,1,FALSE,FALSE,5.095754,2.938219,3
28.280031,0.381764,40.760054,-84.191638,0,0.403453,4553.558,0.167808,4,1,FALSE,FALSE,4.403114,2.940046,3
28.303158,0.382845,40.760053,-84.191644,0,0.404686,4558.662,0.167808,4,1,FALSE,FALSE,3.937062,2.941679,3
28.325785,0.383927,40.760052,-84.191649,0,0.405672,4564.4434,0.17155,4,1,FALSE,FALSE,3.660152,2.943138,3
28.347635,0.385009,40.760051,-84.191654,0,0.406658,4573.6914,0.177787,4,1,FALSE,FALSE,3.585121,2.944447,3
28.369375,0.386092,40.76005,-84.19166,0,0.407892,4585.6406,0.187141,4,1,FALSE,FALSE,3.399404,2.945636,3
28.391909,0.387182,40.760049,-84.191665,0,0.409864,4596.343,0.198573,4,1,FALSE,FALSE,3.209696,2.946745,3
28.416067,0.388275,40.760048,-84.191671,0,0.41307,4606.6816,0.213331,4,1,FALSE,FALSE,3.088082,2.94783,3
28.441715,0.389368,40.760047,-84.191676,0,0.415783,4617.836,0.229128,4,1,FALSE,FALSE,3.093018,2.948961,3
28.468723,0.390463,40.760046,-84.191682,0,0.420962,4628.9883,0.247209,4,1,FALSE,FALSE,3.301135,2.950204,3
28.497145,0.391559,40.760045,-84.191687,0,0.429593,4638.1973,0.268823,4,1,FALSE,FALSE,3.278788,2.951603,3
28.52752,0.392656,40.760044,-84.191693,0,0.439704,4645.7617,0.296253,4,1,FALSE,FALSE,3.383243,2.953193,3
28.55985,0.393754,40.760043,-84.191698,0,0.448582,4653.0645,0.32742,4,1,FALSE,FALSE,3.577641,2.955017,3
28.593893,0.394853,40.760042,-84.191704,0,0.45598,4656.9087,0.355884,4,1,FALSE,FALSE,3.789309,2.957115,3
28.629583,0.395954,40.760041,-84.191709,0,0.462885,4660.38,0.384345,4,1,FALSE,FALSE,4.06114,2.959528,3
28.666454,0.397057,40.76004,-84.191715,0,0.471517,4664.7715,0.413426,4,1,FALSE,FALSE,4.336213,2.962286,3
28.70441,0.39816,40.760039,-84.19172,0,0.481134,4671.5586,0.443128,4,1,FALSE,FALSE,4.507844,2.965423,3
28.742987,0.399266,40.760038,-84.191726,0,0.489519,4679.8784,0.465351,4,1,FALSE,FALSE,4.574531,2.968954,3
28.78244,0.400372,40.760037,-84.191731,0,0.498644,4684.9873,0.48321,4,1,FALSE,FALSE,4.911643,2.972886,3
28.823015,0.401481,40.760036,-84.191737,0,0.510728,4689.153,0.498162,4,1,FALSE,FALSE,5.08505,2.977209,3
28.86355,0.402591,40.760034,-84.191742,0,0.520838,4693.401,0.508129,4,1,FALSE,FALSE,5.383766,2.981877,3
28.904526,0.403703,40.760033,-84.191748,0,0.531936,4699.672,0.513321,4,1,FALSE,FALSE,5.521294,2.986823,3
28.945568,0.404816,40.760032,-84.191753,0,0.545253,4708.579,0.514359,4,1,FALSE,FALSE,5.589361,2.991989,3
28.987673,0.405931,40.760031,-84.191759,0,0.557337,4718.179,0.514567,4,1,FALSE,FALSE,5.526816,2.997321,3
29.029423,0.407047,40.76003,-84.191764,0,0.571147,4729.162,0.514359,4,1,FALSE,FALSE,5.452154,3.002766,3
29.072155,0.408165,40.760028,-84.19177,0,0.587669,4741.015,0.512282,4,1,FALSE,FALSE,5.43083,3.008259,3
29.116005,0.409285,40.760027,-84.191775,0,0.609371,4760.8833,0.511867,4,1,FALSE,FALSE,5.310343,3.013747,3
29.160568,0.410407,40.760026,-84.191781,0,0.62762,4781.244,0.511867,4,1,FALSE,FALSE,5.294293,3.019195,3
29.206238,0.41153,40.760025,-84.191786,0,0.647102,4798.071,0.511867,4,1,FALSE,FALSE,5.479629,3.024572,3
29.25468,0.412656,40.760023,-84.191792,0,0.660913,4818.239,0.511867,4,1,FALSE,FALSE,5.520212,3.029872,3
29.30398,0.413783,40.760022,-84.191797,0,0.674229,4838.0786,0.511867,4,1,FALSE,FALSE,5.472075,3.035099,3
29.354164,0.414912,40.760021,-84.191803,0,0.689026,4858.995,0.509583,4,1,FALSE,FALSE,5.408871,3.040271,3
29.405077,0.416043,40.760019,-84.191808,0,0.703329,4881.444,0.503146,4,1,FALSE,FALSE,5.45822,3.045402,3
29.457813,0.417177,40.760018,-84.191814,0,0.71566,4901.3174,0.494009,4,1,FALSE,FALSE,5.704358,3.050497,3
29.511995,0.418312,40.760017,-84.191819,0,0.726757,4914.527,0.481965,4,1,FALSE,FALSE,5.99847,3.055544,3
29.56741,0.419449,40.760015,-84.191825,0,0.733169,4925.3325,0.469297,4,1,FALSE,FALSE,6.229366,3.06052,3
29.623735,0.420589,40.760014,-84.19183,0,0.737855,4937.341,0.454759,4,1,FALSE,FALSE,6.246687,3.065413,3
29.68108,0.421731,40.760012,-84.191836,0,0.740074,4947.046,0.440428,4,1,FALSE,FALSE,6.190388,3.070212,3
29.739347,0.422875,40.760011,-84.191841,0,0.738841,4955.6504,0.425266,4,1,FALSE,FALSE,6.190211,3.074915,3
29.797827,0.424022,40.760009,-84.191847,0,0.738841,4962.5786,0.410518,4,1,FALSE,FALSE,6.27766,3.079526,3
29.856447,0.425171,40.760008,-84.191852,0,0.738841,4969.413,0.392654,4,1,FALSE,FALSE,6.450862,3.084038,3
29.915268,0.426322,40.760006,-84.191858,0,0.738841,4976.599,0.378113,4,1,FALSE,FALSE,6.536764,3.088439,3
29.973969,0.427476,40.760005,-84.191863,0,0.738841,4982.8345,0.363779,4,1,FALSE,FALSE,6.246944,3.092732,3
30.032898,0.428632,40.760003,-84.191869,0,0.738841,4990.829,0.348405,4,1,FALSE,FALSE,6.162885,3.096927,3
30.09179,0.42979,40.760001,-84.191875,0,0.738841,4996.7275,0.335316,4,1,FALSE,FALSE,5.992271,3.101017,3
30.149343,0.430951,40.76,-84.19188,0,0.738841,5003.591,0.323472,4,1,FALSE,FALSE,5.799863,3.104988,3
30.206343,0.432115,40.759998,-84.191886,0,0.738841,5020.141,0.311629,4,1,FALSE,FALSE,5.76865,3.10885,3
30.26254,0.43328,40.759997,-84.191891,0,0.740074,5032.174,0.298746,4,1,FALSE,FALSE,5.749538,3.112597,3
30.319502,0.434447,40.759995,-84.191897,0,0.74254,5039.625,0.288564,4,1,FALSE,FALSE,5.499003,3.116211,3
30.377485,0.435617,40.759993,-84.191902,0,0.745746,5054.189,0.278174,4,1,FALSE,FALSE,5.03018,3.119717,3
30.435202,0.43679,40.759991,-84.191908,0,0.749445,5066.2437,0.268823,4,1,FALSE,FALSE,5.083974,3.12314,3
30.492918,0.437965,40.75999,-84.191913,0,0.753884,5076.8403,0.25864,4,1,FALSE,FALSE,5.123687,3.126488,3
30.55101,0.439142,40.759988,-84.191919,0,0.760049,5088.8774,0.247209,4,1,FALSE,FALSE,5.169968,3.129782,3
30.609064,0.440322,40.759986,-84.191925,0,0.767694,5103.3677,0.238065,4,1,FALSE,FALSE,5.141087,3.133055,3
30.666718,0.441504,40.759984,-84.19193,0,0.777805,5119.832,0.229959,4,1,FALSE,FALSE,5.133101,3.136313,3
30.725626,0.442688,40.759983,-84.191936,0,0.789889,5134.701,0.219775,4,1,FALSE,FALSE,4.932108,3.139545,3
30.786283,0.443875,40.759981,-84.191941,0,0.801973,5149.4136,0.211045,4,1,FALSE,FALSE,4.853115,-3.140427,3
30.847075,0.445065,40.759979,-84.191947,0,0.81529,5165.0874,0.20377,4,1,FALSE,FALSE,5.00019,-3.137221,3
30.912397,0.446257,40.759977,-84.191953,0,0.830826,5172.231,0.195248,4,1,FALSE,FALSE,5.167876,-3.134057,3
30.979156,0.447452,40.759975,-84.191958,0,0.846116,5172.623,0.189635,4,1,FALSE,FALSE,5.096001,-3.130966,3
31.044651,0.44865,40.759973,-84.191964,0,0.862146,5179.861,0.184646,4,1,FALSE,FALSE,5.011253,-3.127993,3
31.11005,0.44985,40.759971,-84.191969,0,0.880641,5186.139,0.181944,4,1,FALSE,FALSE,5.081915,-3.125176,3
31.17688,0.451053,40.759969,-84.191975,0,0.897657,5188.0586,0.181944,4,1,FALSE,FALSE,5.008127,-3.122531,3
31.244818,0.452259,40.759967,-84.19198,0,0.912947,5194.1133,0.181944,4,1,FALSE,FALSE,4.99055,-3.120047,3
31.311102,0.453468,40.759966,-84.191986,0,0.929963,5205.3013,0.181944,4,1,FALSE,FALSE,4.757374,-3.11771,3
31.375986,0.45468,40.759963,-84.191992,0,0.94328,5218.002,0.181944,4,1,FALSE,FALSE,4.618415,-3.115506,3
31.439745,0.455893,40.759962,-84.191997,0,0.95709,5235.251,0.183399,4,1,FALSE,FALSE,4.156479,-3.113412,3
31.503115,0.45711,40.75996,-84.192003,0,0.971393,5254.4316,0.186101,4,1,FALSE,FALSE,4.054311,-3.111371,3
31.567863,0.458331,40.759957,-84.192009,0,0.982984,5269.9556,0.188388,4,1,FALSE,FALSE,4.210012,-3.109346,3
31.634321,0.459553,40.759955,-84.192014,0,0.994081,5284.7715,0.191298,4,1,FALSE,FALSE,4.211249,-3.107322,3
31.70069,0.460779,40.759953,-84.19202,0,1,5299.978,0.194832,4,1,FALSE,FALSE,3.897231,-3.10529,3
31.76742,0.462007,40.759951,-84.192025,0,1,5315.0454,0.197534,4,1,FALSE,FALSE,3.691154,-3.103229,3
31.835257,0.463238,40.759949,-84.192031,0,1,5322.0815,0.199197,4,1,FALSE,FALSE,3.686359,-3.101122,3
31.906677,0.464472,40.759947,-84.192037,0,1,5321.92,0.201276,4,1,FALSE,FALSE,3.755706,-3.098955,3
31.978062,0.46571,40.759945,-84.192042,0,1,5328.5107,0.202315,4,1,FALSE,FALSE,3.986805,-3.096703,3
32.046547,0.466951,40.759943,-84.192048,0,1,5338.5557,0.204186,4,1,FALSE,FALSE,4.179462,-3.094371,3
32.11318,0.468194,40.759941,-84.192054,0,1,5344.8545,0.207927,4,1,FALSE,FALSE,4.267158,-3.091977,3
32.17829,0.469441,40.759938,-84.192059,0,1,5353.684,0.213539,4,1,FALSE,FALSE,3.961469,-3.089567,3
32.24515,0.470689,40.759936,-84.192065,0,1,5360.3374,0.222061,4,1,FALSE,FALSE,3.72911,-3.087162,3
32.31277,0.471939,40.759934,-84.192071,0,1,5358.1963,0.233908,4,1,FALSE,FALSE,3.632429,-3.084762,3
32.37945,0.473191,40.759932,-84.192076,0,1,5364.1523,0.249495,4,1,FALSE,FALSE,3.842593,-3.082349,3
32.445293,0.474446,40.75993,-84.192082,0,1,5373.015,0.271317,4,1,FALSE,FALSE,4.455422,-3.07989,3
32.507782,0.475703,40.759927,-84.192088,0,1,5386.0117,0.302902,4,1,FALSE,FALSE,4.743684,-3.077362,3
32.56689,0.476963,40.759925,-84.192093,0,1,5412.101,0.336562,4,1,FALSE,FALSE,4.468404,-3.07474,3
32.622204,0.478225,40.759923,-84.192099,0,1,5438.4805,0.374374,4,1,FALSE,FALSE,4.137004,-3.072002,3
32.680977,0.479485,40.75992,-84.192105,0,1,5458.2134,0.42402,4,1,FALSE,FALSE,4.4235,-3.06911,3
32.74335,0.480749,40.759918,-84.19211,0,1,5462.793,0.47968,4,1,FALSE,FALSE,4.685069,-3.066014,3
32.806873,0.482015,40.759916,-84.192116,0,1,5468.1694,0.528686,4,1,FALSE,FALSE,4.884745,-3.062668,3
32.868713,0.483284,40.759913,-84.192122,0,1,5479.4976,0.595122,4,1,FALSE,FALSE,5.255843,-3.059066,3
32.927536,0.484555,40.759911,-84.192127,0,1,5491.235,0.657185,4,1,FALSE,FALSE,5.576204,-3.05521,3
32.983967,0.485827,40.759908,-84.192133,0,1,5505.6973,0.718405,4,1,FALSE,FALSE,5.484201,-3.051117,3
33.04007,0.487101,40.759906,-84.192139,0,1,5518.7246,0.785836,4,1,FALSE,FALSE,5.320291,-3.046799,3
33.09567,0.488376,40.759904,-84.192145,0,1,5530.4385,0.844334,4,1,FALSE,FALSE,5.502038,-3.042223,3
33.149498,0.489655,40.759901,-84.19215,0,1,5547.2583,0.903442,4,1,FALSE,FALSE,5.942093,-3.037362,3
33.201633,0.490935,40.759899,-84.192156,0,1,5567.4263,0.967308,4,1,FALSE,FALSE,6.346415,-3.032193,3
33.25051,0.492217,40.759896,-84.192162,0,1,5589.7847,1.022868,4,1,FALSE,FALSE,6.4671,-3.026688,3
33.29693,0.4935,40.759894,-84.192167,0,1,5616.666,1.077381,4,1,FALSE,FALSE,6.511223,-3.020833,3
33.342823,0.494785,40.759891,-84.192173,0,1,5638.091,1.128984,4,1,FALSE,FALSE,6.359127,-3.014627,3
33.388657,0.496072,40.759889,-84.192179,0,1,5655.2485,1.181199,4,1,FALSE,FALSE,6.715802,-3.008076,3
33.43351,0.497361,40.759886,-84.192184,0,1,5674.0864,1.223462,4,1,FALSE,FALSE,7.275507,-3.001166,3
33.47622,0.498653,40.759883,-84.19219,0,1,5692.209,1.260955,4,1,FALSE,FALSE,7.872024,-2.993881,3
33.51665,0.499945,40.759881,-84.192196,0,1,5710.309,1.283324,4,1,FALSE,FALSE,8.172934,-2.986206,3
33.554546,0.501238,40.759878,-84.192201,0,1,5732.035,1.296165,4,1,FALSE,FALSE,8.243841,-2.978134,3
33.59043,0.502534,40.759875,-84.192207,0,1,5757.12,1.3001,4,1,FALSE,FALSE,8.232081,-2.969665,3
33.625957,0.503831,40.759873,-84.192212,0,1,5778.0674,1.299893,4,1,FALSE,FALSE,8.424153,-2.960816,3
33.66146,0.50513,40.75987,-84.192218,0,1,5793.941,1.29865,4,1,FALSE,FALSE,8.618392,-2.951625,3
33.69649,0.50643,40.759867,-84.192223,0,1,5810.5483,1.295751,4,1,FALSE,FALSE,8.988784,-2.942144,3
33.730183,0.507732,40.759865,-84.192229,0,1,5825.6553,1.289745,4,1,FALSE,FALSE,9.119008,-2.932415,3
33.76194,0.509035,40.759862,-84.192235,0,1,5840.1553,1.28146,4,1,FALSE,FALSE,9.120603,-2.922457,3
33.79243,0.51034,40.759859,-84.19224,0,1,5856.755,1.266755,4,1,FALSE,FALSE,9.265026,-2.912285,3
33.821087,0.511647,40.759856,-84.192246,0,1,5874.1396,1.248527,4,1,FALSE,FALSE,9.261097,-2.901915,3
33.8474,0.512955,40.759853,-84.192251,0,1,5895.5415,1.226569,4,1,FALSE,FALSE,9.226831,-2.891344,3
33.872944,0.514265,40.75985,-84.192257,0,1,5915.59,1.197774,4,1,FALSE,FALSE,9.449636,-2.880565,3
33.896793,0.515576,40.759847,-84.192262,0,1,5933.2993,1.169389,4,1,FALSE,FALSE,9.702934,-2.869555,3
33.919533,0.516888,40.759844,-84.192268,0,1,5956.6973,1.138516,4,1,FALSE,FALSE,9.684212,-2.858302,3
33.941208,0.518202,40.759841,-84.192273,0,1,5979.6753,1.100593,4,1,FALSE,FALSE,9.443378,-2.846817,3
33.962646,0.519517,40.759838,-84.192279,0,1,5999.94,1.060178,4,1,FALSE,FALSE,9.363553,-2.835119,3
33.983883,0.520834,40.759836,-84.192284,0,1,6022.8076,1.009808,4,1,FALSE,FALSE,9.346322,-2.823247,3
34.004627,0.522153,40.759832,-84.192289,0,1,6042.031,0.955697,4,1,FALSE,FALSE,9.236611,-2.811272,3
34.025146,0.523473,40.759829,-84.192295,0,1,6059.5186,0.893695,4,1,FALSE,FALSE,9.1981,-2.799265,3
34.04469,0.524795,40.759826,-84.1923,0,1,6082.625,0.827325,4,1,FALSE,FALSE,9.061579,-2.787241,3
34.063362,0.526118,40.759823,-84.192306,0,1,6104.033,0.747869,4,1,FALSE,FALSE,8.961233,-2.775188,3
34.081146,0.527442,40.75982,-84.192311,0,1,6127.5947,0.677109,4,1,FALSE,FALSE,8.5551,-2.763108,3
34.09802,0.528769,40.759817,-84.192316,0,1,6155.8125,0.597821,4,1,FALSE,FALSE,8.443953,-2.751022,3
34.114277,0.530097,40.759814,-84.192322,0,1,6179.171,0.528686,4,1,FALSE,FALSE,8.378672,-2.738965,3
34.12975,0.531426,40.759811,-84.192327,0,0.98471,6205.962,0.463066,4,1,FALSE,FALSE,8.532408,-2.726962,3
34.14419,0.532757,40.759808,-84.192332,0,0.958076,6233.0825,0.40221,4,1,FALSE,FALSE,8.616535,-2.715023,3
34.1587,0.534089,40.759804,-84.192337,0,0.927744,6253.2295,0.341964,4,1,FALSE,FALSE,8.543924,-2.703119,3
34.171803,0.535423,40.759801,-84.192343,0,0.900863,6275.2515,0.294799,4,1,FALSE,FALSE,9.009966,-2.691208,3
34.182022,0.536759,40.759798,-84.192348,0,0.87053,6295.774,0.245755,4,1,FALSE,FALSE,9.678024,-2.679193,3
34.191177,0.538096,40.759795,-84.192353,0,0.84291,6310.673,0.208966,4,1,FALSE,FALSE,9.912336,-2.66699,3
34.19961,0.539434,40.759791,-84.192358,0,0.818496,6323.317,0.179241,4,1,FALSE,FALSE,9.701647,-2.654609,3
34.208477,0.540772,40.759788,-84.192363,0,0.794081,6329.7583,0.154503,4,1,FALSE,FALSE,9.326877,-2.642109,3
34.217434,0.542114,40.759785,-84.192368,0,0.778792,6331.2363,0.139119,4,1,FALSE,FALSE,9.602859,-2.629541,3
34.22366,0.543456,40.759781,-84.192374,0,0.77016,6327.4097,0.131011,4,1,FALSE,FALSE,10.561052,-2.616928,3
34.22783,0.544799,40.759778,-84.192379,0,0.768188,6320.809,0.127268,4,1,FALSE,FALSE,11.113492,-2.604243,3
34.23071,0.546143,40.759774,-84.192384,0,0.769174,6321.2734,0.124981,4,1,FALSE,FALSE,11.143322,-2.59139,3
34.23098,0.547488,40.759771,-84.192389,0,0.77238,6330.883,0.124773,4,1,FALSE,FALSE,11.131138,-2.578258,3
34.2288,0.548835,40.759768,-84.192394,0,0.779778,6342.194,0.124773,4,1,FALSE,FALSE,11.36198,-2.564766,3
34.22577,0.550183,40.759764,-84.192399,0,0.78767,6344.8687,0.123734,4,1,FALSE,FALSE,11.783254,-2.550933,3
34.22239,0.551531,40.759761,-84.192404,0,0.795808,6341.0854,0.121239,4,1,FALSE,FALSE,12.238092,-2.536822,3
34.215485,0.552879,40.759757,-84.192409,0,0.803699,6337.7056,0.11417,4,1,FALSE,FALSE,12.776428,-2.522515,3
34.20547,0.554228,40.759754,-84.192414,0,0.808385,6331.712,0.105021,4,1,FALSE,FALSE,12.901183,-2.50809,3
34.19312,0.555578,40.75975,-84.192418,0,0.811591,6325.2153,0.092337,4,1,FALSE,FALSE,13.294117,-2.493589,3
34.177513,0.55693,40.759746,-84.192423,0,0.811591,6318.953,0.075702,4,1,FALSE,FALSE,13.381531,-2.479004,3
34.16005,0.558282,40.759743,-84.192428,0,0.810604,6314.3286,0.059897,4,1,FALSE,FALSE,13.374914,-2.464296,3
34.143326,0.559634,40.759739,-84.192433,0,0.809618,6314.023,0.040349,4,1,FALSE,FALSE,12.888346,-2.449451,3
34.12665,0.560987,40.759735,-84.192437,0,0.808385,6315.435,0.017055,4,1,FALSE,FALSE,12.439602,-2.434474,3
34.109882,0.56234,40.759732,-84.192442,0,0.804686,6318.912,-0.010608,4,1,FALSE,FALSE,12.317799,-2.419366,3
34.09253,0.563696,40.759728,-84.192447,0,0.799507,6319.324,-0.034946,4,1,FALSE,FALSE,12.035273,-2.404186,3
34.073246,0.565052,40.759724,-84.192451,0,0.792109,6317.2666,-0.064903,4,1,FALSE,FALSE,12.393993,-2.388978,3
34.050533,0.566408,40.759721,-84.192456,0,0.783477,6316.0254,-0.095903,4,1,FALSE,FALSE,12.922774,-2.373754,3
34.025032,0.567765,40.759717,-84.192461,0,0.77386,6309.573,-0.128779,4,1,FALSE,FALSE,13.184253,-2.35849,3
33.998177,0.569121,40.759713,-84.192465,0,0.761776,6304.377,-0.167694,4,1,FALSE,FALSE,13.041003,-2.343151,3
33.968925,0.57047,40.759709,-84.19247,0,0.748459,6299.86,-0.205573,4,1,FALSE,FALSE,13.262643,-2.327724,3
33.936283,0.571818,40.759705,-84.192474,0,0.734649,6284.5356,-0.246787,4,1,FALSE,FALSE,13.858493,-2.312242,3
33.902164,0.573165,40.759702,-84.192478,0,0.71714,6271.336,-0.29113,4,1,FALSE,FALSE,13.602309,-2.296733,3
33.864838,0.574511,40.759698,-84.192483,0,0.695931,6256.772,-0.336729,4,1,FALSE,FALSE,13.829129,-2.281255,3
33.82698,0.575858,40.759694,-84.192487,0,0.668311,6231.256,-0.392748,4,1,FALSE,FALSE,13.357603,-2.265884,3
33.78717,0.577199,40.75969,-84.192491,0,0.634279,6205.3496,-0.453985,4,1,FALSE,FALSE,13.598148,-2.250657,3
33.74632,0.578539,40.759686,-84.192496,0,0.600986,6178.799,-0.509817,4,1,FALSE,FALSE,13.429752,-2.235544,3
33.70359,0.579878,40.759682,-84.1925,0,0.566461,6146.1875,-0.568577,4,1,FALSE,FALSE,13.535689,-2.220499,3
33.657787,0.581215,40.759678,-84.192504,0,0.530949,6116.2,-0.630059,4,1,FALSE,FALSE,13.477482,-2.20544,3
33.608585,0.582552,40.759674,-84.192508,0,0.489519,6083.442,-0.699891,4,1,FALSE,FALSE,13.573293,-2.190302,3
33.557327,0.583887,40.75967,-84.192512,0,0.454994,6039.6333,-0.762858,4,1,FALSE,FALSE,13.664111,-2.175062,3
33.50812,0.585219,40.759666,-84.192516,0,0.418496,5991.2,-0.835224,4,1,FALSE,FALSE,13.228163,-2.159676,3
33.458042,0.586549,40.759662,-84.19252,0,0.390382,5945.2266,-0.899471,4,1,FALSE,FALSE,13.313483,-2.14412,3
33.403973,0.587878,40.759658,-84.192524,0,0.366954,5896.4546,-0.964566,4,1,FALSE,FALSE,13.328354,-2.128419,3
33.345673,0.589206,40.759654,-84.192528,0,0.345746,5840.9507,-1.02717,4,1,FALSE,FALSE,13.463263,-2.112631,3
33.28555,0.590532,40.75965,-84.192532,0,0.329223,5785.413,-1.095424,4,1,FALSE,FALSE,13.135664,-2.096804,3
33.225845,0.591857,40.759646,-84.192535,0,0.320345,5727.21,-1.154923,4,1,FALSE,FALSE,13.129464,-2.081027,3
33.166016,0.593179,40.759642,-84.192539,0,0.312207,5663.914,-1.208587,4,1,FALSE,FALSE,12.821342,-2.065369,3
33.105206,0.5945,40.759638,-84.192543,0,0.308508,5612.568,-1.271033,4,1,FALSE,FALSE,12.731325,-2.049873,3
33.04097,0.595818,40.759634,-84.192547,0,0.306535,5562.681,-1.326388,4,1,FALSE,FALSE,12.977655,-2.034553,3
32.973816,0.597135,40.759629,-84.19255,0,0.304316,5512.405,-1.38259,4,1,FALSE,FALSE,12.890154,-2.019407,3
32.905922,0.598452,40.759625,-84.192554,0,0.303329,5465.497,-1.429397,4,1,FALSE,FALSE,12.901138,-2.004452,3
32.837368,0.599766,40.759621,-84.192557,0,0.302096,5422.043,-1.473913,4,1,FALSE,FALSE,12.824933,-1.989684,3
32.766464,0.601078,40.759617,-84.192561,0,0.300123,5375.556,-1.512792,4,1,FALSE,FALSE,13.057649,-1.975093,3
32.692192,0.602388,40.759613,-84.192564,0,0.296917,5334.8994,-1.555019,4,1,FALSE,FALSE,13.500229,-1.960683,3
32.612915,0.603695,40.759609,-84.192568,0,0.294698,5289.6104,-1.590145,4,1,FALSE,FALSE,13.974229,-1.946456,3
32.530205,0.605001,40.759605,-84.192571,0,0.292725,5242.0156,-1.619837,4,1,FALSE,FALSE,14.157613,-1.932451,3
32.440758,0.606306,40.7596,-84.192574,0,0.292725,5200.274,-1.652459,4,1,FALSE,FALSE,15.048586,-1.918666,3
32.346306,0.607607,40.759596,-84.192578,0,0.291492,5152.696,-1.676092,4,1,FALSE,FALSE,15.266965,-1.90513,3
32.24742,0.608905,40.759592,-84.192581,0,0.291492,5103.8013,-1.697216,4,1,FALSE,FALSE,15.815274,-1.891846,3
32.14586,0.610199,40.759588,-84.192584,0,0.290505,5064.626,-1.714577,4,1,FALSE,FALSE,16.318686,-1.87874,3
32.036095,0.611491,40.759584,-84.192587,0,0.289519,5020.9756,-1.729638,4,1,FALSE,FALSE,17.13224,-1.865768,3
31.920618,0.612782,40.759579,-84.19259,0,0.289519,4975.3735,-1.745536,4,1,FALSE,FALSE,17.957153,-1.852909,3
31.802443,0.614069,40.759575,-84.192593,0,0.288286,4941.045,-1.764782,4,1,FALSE,FALSE,18.114502,-1.840109,3
31.682922,0.615352,40.759571,-84.192596,0,0.2873,4898.223,-1.783611,4,1,FALSE,FALSE,18.329098,-1.827323,3
31.560772,0.61663,40.759567,-84.192599,0,0.2873,4858.616,-1.804535,4,1,FALSE,FALSE,18.536396,-1.814537,3
31.433615,0.617904,40.759562,-84.192602,0,0.286313,4826.0977,-1.831737,4,1,FALSE,FALSE,18.761044,-1.801781,3
31.306051,0.619177,40.759558,-84.192604,0,0.286313,4787.31,-1.85622,4,1,FALSE,FALSE,18.693659,-1.789079,3
31.180132,0.620447,40.759554,-84.192607,0,0.286313,4754.106,-1.882799,4,1,FALSE,FALSE,18.13905,-1.776447,3
31.056705,0.621713,40.75955,-84.19261,0,0.286313,4723.2017,-1.903728,4,1,FALSE,FALSE,17.883682,-1.763896,3
30.932753,0.622974,40.759546,-84.192612,0,0.286313,4686.623,-1.922356,4,1,FALSE,FALSE,17.934422,-1.751502,3
30.806684,0.62423,40.759541,-84.192615,0,0.286313,4653.736,-1.941404,4,1,FALSE,FALSE,17.856924,-1.73935,3
30.68033,0.625483,40.759537,-84.192617,0,0.286313,4623.986,-1.953546,4,1,FALSE,FALSE,17.509838,-1.72752,3
30.557962,0.626737,40.759533,-84.192619,0,0.287299,4593.4116,-1.964014,4,1,FALSE,FALSE,16.87337,-1.716037,3
30.441608,0.627987,40.759529,-84.192622,0,0.288286,4566.483,-1.970293,4,1,FALSE,FALSE,15.974134,-1.704924,3
30.331217,0.629232,40.759524,-84.192624,0,0.292725,4541.785,-1.97448,4,1,FALSE,FALSE,15.416161,-1.694227,3
30.220852,0.630473,40.75952,-84.192626,0,0.300123,4519.639,-1.979295,4,1,FALSE,FALSE,15.307385,-1.683988,3
30.111956,0.63171,40.759516,-84.192628,0,0.311221,4504.73,-1.982226,4,1,FALSE,FALSE,14.914241,-1.674203,3
30.007528,0.632948,40.759512,-84.19263,0,0.32651,4496.498,-1.982436,4,1,FALSE,FALSE,14.230285,-1.664843,3
29.908115,0.634187,40.759507,-84.192632,0,0.34402,4493.2046,-1.982436,4,1,FALSE,FALSE,13.662771,-1.655863,3
29.81392,0.635423,40.759503,-84.192634,0,0.367448,4495.9023,-1.982226,4,1,FALSE,FALSE,13.30993,-1.647252,3
29.722092,0.636655,40.759499,-84.192636,0,0.390875,4505.6997,-1.982226,4,1,FALSE,FALSE,13.055943,-1.639005,3
29.628601,0.637883,40.759495,-84.192638,0,0.414057,4520.7285,-1.982226,4,1,FALSE,FALSE,13.373535,-1.631096,3
29.53452,0.639108,40.75949,-84.19264,0,0.439704,4542.9927,-1.982017,4,1,FALSE,FALSE,13.757279,-1.623474,3
29.442379,0.640329,40.759486,-84.192642,0,0.459186,4567.4214,-1.982017,4,1,FALSE,FALSE,13.433447,-1.616096,3
29.349617,0.641546,40.759482,-84.192643,0,0.476202,4593.362,-1.982017,4,1,FALSE,FALSE,13.887819,-1.608909,3
29.258179,0.642759,40.759478,-84.192645,0,0.490506,4624.466,-1.982017,4,1,FALSE,FALSE,14.415034,-1.601805,3
29.163195,0.643968,40.759474,-84.192647,0,0.507521,4653.6187,-1.982017,4,1,FALSE,FALSE,14.819859,-1.594692,3
29.066895,0.645173,40.759469,-84.192648,0,0.524044,4682.383,-1.982017,4,1,FALSE,FALSE,15.436718,-1.587505,3
28.967928,0.646375,40.759465,-84.19265,0,0.54476,4715.2026,-1.982017,4,1,FALSE,FALSE,16.050276,-1.580151,3
28.866747,0.647562,40.759461,-84.192651,0,0.564982,4744.049,-1.982017,4,1,FALSE,FALSE,16.515099,-1.572575,3
28.767412,0.648744,40.759457,-84.192653,0,0.584957,4772.1753,-1.982017,4,1,FALSE,FALSE,16.485777,-1.564748,3
28.671606,0.649922,40.759453,-84.192654,0,0.606905,4804.365,-1.982017,4,1,FALSE,FALSE,16.25777,-1.556654,3
28.575891,0.651096,40.759448,-84.192655,0,0.625894,4834.7163,-1.982017,4,1,FALSE,FALSE,16.690632,-1.548281,3
28.481005,0.652266,40.759444,-84.192657,0,0.642417,4863.326,-1.982017,4,1,FALSE,FALSE,16.827856,-1.539612,3
28.385736,0.653432,40.75944,-84.192658,0,0.654994,4893.0913,-1.982017,4,1,FALSE,FALSE,16.968071,-1.530644,3
28.293068,0.654589,40.759436,-84.192659,0,0.663625,4913.3105,-1.982017,4,1,FALSE,FALSE,16.900787,-1.521442,3
28.204718,0.655741,40.759432,-84.19266,0,0.666338,4928.1177,-1.982017,4,1,FALSE,FALSE,16.278776,-1.512097,3
28.119104,0.656889,40.759428,-84.192661,0,0.669544,4943.574,-1.982017,4,1,FALSE,FALSE,16.347275,-1.502695,3
28.03592,0.658033,40.759423,-84.192662,0,0.67201,4949.486,-1.982017,4,1,FALSE,FALSE,16.092247,-1.493348,3
27.953453,0.659175,40.759419,-84.192663,0,0.676942,4952.319,-1.981179,4,1,FALSE,FALSE,16.162132,-1.484146,3
27.873491,0.660313,40.759415,-84.192663,0,0.683847,4953.7085,-1.979505,4,1,FALSE,FALSE,15.85332,-1.475192,3
27.791883,0.661446,40.759411,-84.192664,0,0.692232,4950.752,-1.974062,4,1,FALSE,FALSE,16.14571,-1.466553,3
27.711548,0.662574,40.759407,-84.192665,0,0.701356,4950.5728,-1.962547,4,1,FALSE,FALSE,16.06418,-1.458228,3
27.634024,0.663699,40.759403,-84.192666,0,0.712947,4952.6357,-1.941404,4,1,FALSE,FALSE,15.47145,-1.450276,3
27.562311,0.664821,40.759399,-84.192666,0,0.722565,4948.8125,-1.91838,4,1,FALSE,FALSE,14.90004,-1.442756,3
27.491434,0.665939,40.759394,-84.192667,0,0.728237,4949.6567,-1.890543,4,1,FALSE,FALSE,14.70793,-1.435766,3
27.420263,0.667055,40.75939,-84.192667,0,0.731443,4951.542,-1.855592,4,1,FALSE,FALSE,14.501907,-1.429375,3
27.351027,0.668169,40.759386,-84.192668,0,0.730456,4954.9097,-1.822738,4,1,FALSE,FALSE,14.295822,-1.423619,3
27.285154,0.66928,40.759382,-84.192668,0,0.72947,4955.3906,-1.787586,4,1,FALSE,FALSE,13.925886,-1.41847,3
27.22255,0.670388,40.759378,-84.192668,0,0.722072,4960.1226,-1.745327,4,1,FALSE,FALSE,13.964971,-1.41385,3
27.161646,0.671493,40.759374,-84.192669,0,0.712454,4963.35,-1.7037,4,1,FALSE,FALSE,13.966191,-1.409622,3
27.099977,0.672596,40.75937,-84.192669,0,0.700617,4969.343,-1.657686,4,1,FALSE,FALSE,14.206966,-1.405666,3
27.040586,0.673696,40.759366,-84.192669,0,0.68804,4980.5864,-1.609799,4,1,FALSE,FALSE,14.263675,-1.401786,3
26.980598,0.674795,40.759362,-84.192669,0,0.678915,4989.051,-1.551883,4,1,FALSE,FALSE,14.665499,-1.39782,3
26.920073,0.675895,40.759358,-84.192669,0,0.673736,4994.161,-1.498368,4,1,FALSE,FALSE,15.344942,-1.393684,3
26.85548,0.676991,40.759354,-84.192669,0,0.672503,4996.362,-1.444863,4,1,FALSE,FALSE,16.24114,-1.389243,3
26.786526,0.678084,40.75935,-84.192669,0,0.673736,4997.292,-1.386142,4,1,FALSE,FALSE,16.919067,-1.384464,3
26.716925,0.679174,40.759346,-84.192669,0,0.673736,4990.988,-1.330984,4,1,FALSE,FALSE,16.97967,-1.379409,3
26.649176,0.680262,40.759342,-84.192669,0,0.673736,4986.7124,-1.285654,4,1,FALSE,FALSE,16.7584,-1.37403,3
26.582232,0.681347,40.759338,-84.192669,0,0.674723,4985.5127,-1.241375,4,1,FALSE,FALSE,16.962261,-1.368333,3
26.5163,0.682435,40.759334,-84.192668,0,0.674723,4971.3594,-1.191672,4,1,FALSE,FALSE,16.362904,-1.36241,3
26.45485,0.683522,40.75933,-84.192668,0,0.673736,4969.5728,-1.153671,4,1,FALSE,FALSE,16.275724,-1.356243,3
26.391611,0.684605,40.759326,-84.192668,0,0.673736,4965.919,-1.105235,4,1,FALSE,FALSE,16.664251,-1.34989,3
26.331514,0.685686,40.759322,-84.192667,0,0.671517,4946.183,-1.0614,4,1,FALSE,FALSE,15.878366,-1.343423,3
26.277916,0.686764,40.759318,-84.192667,0,0.667324,4947.8384,-1.015692,4,1,FALSE,FALSE,15.259439,-1.336852,3
26.22662,0.68784,40.759314,-84.192666,0,0.661406,4943.1045,-0.976251,4,1,FALSE,FALSE,15.416395,-1.330195,3
26.173773,0.688917,40.75931,-84.192665,0,0.652528,4917.6685,-0.937232,4,1,FALSE,FALSE,15.294319,-1.323533,3
26.123388,0.689999,40.759306,-84.192665,0,0.643403,4914.144,-0.898427,4,1,FALSE,FALSE,14.60186,-1.316943,3
26.075245,0.691077,40.759302,-84.192664,0,0.630579,4908.4717,-0.853788,4,1,FALSE,FALSE,14.300295,-1.310473,3
26.030165,0.692153,40.759298,-84.192663,0,0.618496,4884.2344,-0.809362,4,1,FALSE,FALSE,14.042029,-1.304175,3
25.98727,0.693227,40.759294,-84.192662,0,0.604686,4868.8794,-0.762233,4,1,FALSE,FALSE,13.945254,-1.29806,3
25.944887,0.6943,40.759291,-84.192662,0,0.590382,4855.838,-0.707813,4,1,FALSE,FALSE,13.667826,-1.292111,3
25.90008,0.695371,40.759287,-84.192661,0,0.578052,4838.7246,-0.663617,4,1,FALSE,FALSE,14.253801,-1.286304,3
25.851452,0.696447,40.759283,-84.19266,0,0.564242,4818.239,-0.616928,4,1,FALSE,FALSE,14.775663,-1.280678,3
25.801336,0.697524,40.759279,-84.192659,0,0.552158,4793.5244,-0.574829,4,1,FALSE,FALSE,14.557831,-1.275232,3
25.753656,0.698597,40.759275,-84.192658,0,0.54254,4775.11,-0.53107,4,1,FALSE,FALSE,14.351615,-1.269901,3
25.706379,0.699668,40.759272,-84.192657,0,0.533662,4759.7324,-0.483775,4,1,FALSE,FALSE,14.435457,-1.264585,3
25.657787,0.700737,40.759268,-84.192655,0,0.528237,4740.374,-0.446278,4,1,FALSE,FALSE,14.823081,-1.259213,3
25.60527,0.701804,40.759264,-84.192654,0,0.525031,4722.697,-0.415034,4,1,FALSE,FALSE,15.331542,-1.253758,3
25.549078,0.702868,40.75926,-84.192653,0,0.526264,4706.3994,-0.386084,4,1,FALSE,FALSE,15.778234,-1.248192,3
25.49288,0.703925,40.759257,-84.192652,0,0.529223,4690.579,-0.353596,4,1,FALSE,FALSE,15.761622,-1.242459,3
25.438993,0.70498,40.759253,-84.19265,0,0.537855,4681.662,-0.327776,4,1,FALSE,FALSE,15.565473,-1.236495,3
25.386108,0.706031,40.759249,-84.192649,0,0.549938,4676.994,-0.309452,4,1,FALSE,FALSE,15.541294,-1.23025,3
25.333052,0.70708,40.759246,-84.192647,0,0.561282,4671.393,-0.296336,4,1,FALSE,FALSE,15.813407,-1.223703,3
25.28039,0.708127,40.759242,-84.192646,0,0.573859,4668.4497,-0.289465,4,1,FALSE,FALSE,16.110735,-1.216866,3
25.228498,0.709172,40.759238,-84.192644,0,0.58767,4666.4497,-0.288424,4,1,FALSE,FALSE,16.231546,-1.209747,3
25.178629,0.71021,40.759235,-84.192643,0,0.604685,4666.683,-0.288632,4,1,FALSE,FALSE,16.184956,-1.202338,3
25.129465,0.711239,40.759231,-84.192641,0,0.626387,4672.4883,-0.293837,4,1,FALSE,FALSE,16.264818,-1.194657,3
25.081875,0.712266,40.759228,-84.192639,0,0.646609,4675.853,-0.301333,4,1,FALSE,FALSE,16.352089,-1.186763,3
25.038328,0.713291,40.759224,-84.192638,0,0.67201,4680.119,-0.310909,4,1,FALSE,FALSE,15.903403,-1.178706,3
24.999561,0.714314,40.759221,-84.192636,0,0.695438,4689.826,-0.319864,4,1,FALSE,FALSE,15.44214,-1.170542,3
24.965706,0.715335,40.759217,-84.192634,0,0.712947,4699.1357,-0.325902,4,1,FALSE,FALSE,15.067088,-1.162329,3
24.935455,0.716355,40.759214,-84.192632,0,0.726757,4708.725,-0.329233,4,1,FALSE,FALSE,14.956716,-1.154112,3
24.904943,0.71737,40.75921,-84.19263,0,0.735882,4719.6206,-0.331732,4,1,FALSE,FALSE,15.106371,-1.145953,3
24.876457,0.718379,40.759207,-84.192628,0,0.742047,4726.317,-0.332773,4,1,FALSE,FALSE,14.928653,-1.137938,3
24.852148,0.719387,40.759204,-84.192626,0,0.74328,4730.095,-0.332773,4,1,FALSE,FALSE,14.466192,-1.130121,3
24.831554,0.720394,40.7592,-84.192624,0,0.74328,4737.5254,-0.329858,4,1,FALSE,FALSE,13.893016,-1.122538,3
24.813488,0.7214,40.759197,-84.192622,0,0.74328,4742.642,-0.322362,4,1,FALSE,FALSE,13.45946,-1.115229,3
24.797756,0.722405,40.759194,-84.19262,0,0.747472,4748.083,-0.311951,4,1,FALSE,FALSE,13.282961,-1.108222,3
24.781473,0.72341,40.75919,-84.192617,0,0.754871,4754.7466,-0.299042,4,1,FALSE,FALSE,13.447437,-1.101542,3
24.764498,0.724411,40.759187,-84.192615,0,0.761776,4757.8267,-0.290089,4,1,FALSE,FALSE,13.595357,-1.095185,3
24.748508,0.72541,40.759184,-84.192613,0,0.766954,4767.194,-0.280929,4,1,FALSE,FALSE,13.319234,-1.08912,3
24.734804,0.726407,40.75918,-84.19261,0,0.772873,4777.221,-0.271561,4,1,FALSE,FALSE,13.070245,-1.083303,3
24.723585,0.727404,40.759177,-84.192608,0,0.780764,4790.0625,-0.263649,4,1,FALSE,FALSE,12.990372,-1.077627,3
24.712622,0.7284,40.759174,-84.192606,0,0.78767,4808.6543,-0.259902,4,1,FALSE,FALSE,13.133962,-1.071968,3
24.702074,0.729396,40.759171,-84.192603,0,0.794575,4824.42,-0.258862,4,1,FALSE,FALSE,13.413795,-1.066229,3
24.692545,0.730391,40.759168,-84.192601,0,0.802713,4841.9897,-0.258861,4,1,FALSE,FALSE,13.588106,-1.060317,3
24.68245,0.731386,40.759164,-84.192598,0,0.811097,4860.046,-0.258861,4,1,FALSE,FALSE,13.780727,-1.054166,3
24.6749,0.732379,40.759161,-84.192595,0,0.816523,4876.3555,-0.258861,4,1,FALSE,FALSE,13.655727,-1.047746,3
24.670933,0.733372,40.759158,-84.192593,0,0.820222,4889.5786,-0.258861,4,1,FALSE,FALSE,13.544709,-1.041039,3
24.667974,0.734364,40.759155,-84.19259,0,0.821208,4899.0327,-0.258861,4,1,FALSE,FALSE,13.560117,-1.034056,3
24.665571,0.735356,40.759152,-84.192587,0,0.820222,4907.122,-0.258861,4,1,FALSE,FALSE,13.99268,-1.026801,3
24.664692,0.736348,40.759149,-84.192585,0,0.818989,4913.021,-0.258861,4,1,FALSE,FALSE,14.077941,-1.019282,3
24.664774,0.737341,40.759146,-84.192582,0,0.81381,4912.7407,-0.258861,4,1,FALSE,FALSE,13.792372,-1.011537,3
24.66794,0.738335,40.759143,-84.192579,0,0.805179,4911.0737,-0.258861,4,1,FALSE,FALSE,13.607201,-1.003606,3
24.673204,0.739329,40.75914,-84.192576,0,0.794081,4907.6216,-0.259902,4,1,FALSE,FALSE,13.553296,-0.995514,3
24.67947,0.740323,40.759137,-84.192573,0,0.785697,4902.3496,-0.26011,4,1,FALSE,FALSE,13.696846,-0.987252,3
24.684568,0.741317,40.759134,-84.19257,0,0.778792,4901.002,-0.26011,4,1,FALSE,FALSE,13.598557,-0.978799,3
24.689203,0.742312,40.759131,-84.192567,0,0.777805,4901.446,-0.260319,4,1,FALSE,FALSE,13.427657,-0.970159,3
24.693651,0.743306,40.759128,-84.192564,0,0.780765,4901.077,-0.260319,4,1,FALSE,FALSE,13.472282,-0.961362,3
24.698626,0.744302,40.759125,-84.192561,0,0.785697,4901.0884,-0.260319,4,1,FALSE,FALSE,13.445553,-0.952423,3
24.705883,0.7453,40.759123,-84.192558,0,0.794081,4901.3164,-0.260319,4,1,FALSE,FALSE,13.11468,-0.943327,3
24.715014,0.7463,40.75912,-84.192555,0,0.801973,4903.832,-0.260319,4,1,FALSE,FALSE,13.265841,-0.934064,3
24.722517,0.747301,40.759117,-84.192551,0,0.808878,4904.9067,-0.260319,4,1,FALSE,FALSE,13.7577,-0.924652,3
24.729446,0.748302,40.759114,-84.192548,0,0.81381,4902.475,-0.260319,4,1,FALSE,FALSE,14.249391,-0.915106,3
24.735506,0.749303,40.759112,-84.192545,0,0.81529,4896.259,-0.260319,4,1,FALSE,FALSE,14.5684,-0.905447,3
24.741909,0.750305,40.759109,-84.192541,0,0.816523,4889.203,-0.260319,4,1,FALSE,FALSE,14.544832,-0.895694,3
24.74988,0.751307,40.759106,-84.192538,0,0.81529,4887.553,-0.260319,4,1,FALSE,FALSE,14.360586,-0.885822,3
24.760168,0.752313,40.759103,-84.192535,0,0.81529,4884.3203,-0.261151,4,1,FALSE,FALSE,13.733849,-0.87582,3
24.771378,0.753325,40.759101,-84.192531,0,0.81381,4883.128,-0.264273,4,1,FALSE,FALSE,13.669864,-0.865724,3
24.780483,0.754336,40.759098,-84.192528,0,0.81381,4881.2856,-0.268854,4,1,FALSE,FALSE,13.623904,-0.8556,3
24.791218,0.755347,40.759096,-84.192524,0,0.808878,4875.1133,-0.274058,4,1,FALSE,FALSE,13.410545,-0.84551,3
24.804193,0.75636,40.759093,-84.192521,0,0.804192,4872.053,-0.27843,4,1,FALSE,FALSE,12.947813,-0.835499,3
24.817974,0.757373,40.759091,-84.192517,0,0.794575,4868.021,-0.286342,4,1,FALSE,FALSE,12.788786,-0.825632,3
24.830692,0.758387,40.759088,-84.192513,0,0.786683,4864.32,-0.294878,4,1,FALSE,FALSE,12.734887,-0.815943,3
24.844482,0.759406,40.759086,-84.19251,0,0.77238,4860.9473,-0.308412,4,1,FALSE,FALSE,12.198327,-0.806453,3
24.859667,0.760431,40.759083,-84.192506,0,0.761282,4855.3247,-0.320072,4,1,FALSE,FALSE,11.745054,-0.797206,3
24.875248,0.761455,40.759081,-84.192502,0,0.744266,4848.5513,-0.338187,4,1,FALSE,FALSE,11.839289,-0.788231,3
24.887861,0.76248,40.759078,-84.192498,0,0.722565,4842.001,-0.357345,4,1,FALSE,FALSE,12.228838,-0.779516,3
24.898956,0.763506,40.759076,-84.192495,0,0.702836,4833.1387,-0.379628,4,1,FALSE,FALSE,12.139196,-0.771068,3
24.90957,0.764532,40.759074,-84.192491,0,0.680641,4819.551,-0.40462,4,1,FALSE,FALSE,12.295948,-0.762871,3
24.919472,0.765559,40.759071,-84.192487,0,0.65672,4805.557,-0.434405,4,1,FALSE,FALSE,12.241341,-0.754871,3
24.930288,0.766584,40.759069,-84.192483,0,0.626387,4791.572,-0.4719,4,1,FALSE,FALSE,12.403716,-0.746992,3
24.937801,0.767606,40.759067,-84.192479,0,0.598767,4769.233,-0.508776,4,1,FALSE,FALSE,13.129543,-0.739195,3
24.941751,0.768628,40.759065,-84.192475,0,0.570654,4742.7124,-0.54899,4,1,FALSE,FALSE,13.143187,-0.731439,3
24.946804,0.76965,40.759062,-84.192471,0,0.538841,4719.925,-0.598379,4,1,FALSE,FALSE,12.848321,-0.723687,3
24.950178,0.770672,40.75906,-84.192467,0,0.511221,4687.418,-0.643815,4,1,FALSE,FALSE,13.036653,-0.715891,3
24.951715,0.771695,40.759058,-84.192463,0,0.484834,4653.633,-0.689259,4,1,FALSE,FALSE,13.549633,-0.707986,3
24.951452,0.772718,40.759056,-84.192459,0,0.459926,4621.628,-0.739296,4,1,FALSE,FALSE,13.991814,-0.699902,3
24.949818,0.773736,40.759054,-84.192455,0,0.440197,4585.2134,-0.783502,4,1,FALSE,FALSE,14.116156,-0.69159,3
24.945917,0.774751,40.759052,-84.192451,0,0.425401,4553.449,-0.826464,4,1,FALSE,FALSE,14.467071,-0.683028,3
24.940416,0.775765,40.75905,-84.192447,0,0.41529,4525.363,-0.873603,4,1,FALSE,FALSE,14.649655,-0.674166,3
24.936033,0.77678,40.759048,-84.192442,0,0.409864,4495.6494,-0.909484,4,1,FALSE,FALSE,14.65645,-0.66498,3
24.932123,0.777794,40.759046,-84.192438,0,0.407892,4466.5347,-0.95455,4,1,FALSE,FALSE,14.565579,-0.655503,3
24.928438,0.778808,40.759044,-84.192434,0,0.408878,4439.059,-0.997118,4,1,FALSE,FALSE,15.059626,-0.645784,3
24.921597,0.779823,40.759042,-84.19243,0,0.412084,4409.377,-1.029883,4,1,FALSE,FALSE,15.901109,-0.635924,3
24.911371,0.780832,40.75904,-84.192426,0,0.420962,4384.0767,-1.062443,4,1,FALSE,FALSE,16.298203,-0.626022,3
24.900183,0.781839,40.759038,-84.192421,0,0.436005,4364.119,-1.088744,4,1,FALSE,FALSE,15.998387,-0.616212,3
24.891186,0.782846,40.759037,-84.192417,0,0.458693,4345.0483,-1.113586,4,1,FALSE,FALSE,15.512314,-0.606625,3
24.883799,0.783852,40.759035,-84.192412,0,0.4873,4338.802,-1.139681,4,1,FALSE,FALSE,15.148504,-0.597341,3
24.876677,0.784858,40.759033,-84.192408,0,0.516646,4338.3115,-1.157429,4,1,FALSE,FALSE,14.90097,-0.588434,3
24.871881,0.785865,40.759032,-84.192404,0,0.545253,4341.9087,-1.169331,4,1,FALSE,FALSE,14.450289,-0.579952,3
24.869234,0.786871,40.75903,-84.192399,0,0.574846,4358.5244,-1.173297,4,1,FALSE,FALSE,13.865281,-0.571904,3
24.870296,0.787874,40.759028,-84.192395,0,0.606165,4377.2417,-1.173297,4,1,FALSE,FALSE,13.410478,-0.564317,3
24.876593,0.788877,40.759027,-84.19239,0,0.628114,4392.016,-1.172254,4,1,FALSE,FALSE,13.276625,-0.557232,3
24.884628,0.789879,40.759025,-84.192386,0,0.643896,4413.023,-1.16933,4,1,FALSE,FALSE,12.959256,-0.550669,3
24.896673,0.790882,40.759024,-84.192381,0,0.652035,4434.724,-1.160561,4,1,FALSE,FALSE,11.393209,-0.544726,3
24.914015,0.791886,40.759023,-84.192377,0,0.654994,4448.4443,-1.146988,4,1,FALSE,FALSE,10.983853,-0.539543,3
24.933228,0.792891,40.759021,-84.192372,0,0.654007,4461.9917,-1.123606,4,1,FALSE,FALSE,10.827133,-0.535142,3
24.954218,0.793897,40.75902,-84.192368,0,0.653021,4472.5693,-1.088744,4,1,FALSE,FALSE,10.505301,-0.531534,3
24.977213,0.794903,40.759018,-84.192363,0,0.649322,4478.8706,-1.054512,4,1,FALSE,FALSE,10.150692,-0.528706,3
24.999966,0.795909,40.759017,-84.192358,0,0.648089,4488.347,-1.018196,4,1,FALSE,FALSE,10.176759,-0.526632,3
25.021975,0.796915,40.759016,-84.192354,0,0.648089,4499.032,-0.97479,4,1,FALSE,FALSE,10.273177,-0.525265,3
25.045004,0.797923,40.759014,-84.192349,0,0.648089,4509.6167,-0.937233,4,1,FALSE,FALSE,9.861351,-0.524528,3
25.070456,0.798932,40.759013,-84.192345,0,0.648089,4524.6465,-0.901765,4,1,FALSE,FALSE,9.464177,-0.524327,3
25.097733,0.799943,40.759012,-84.19234,0,0.649322,4541.297,-0.861297,4,1,FALSE,FALSE,9.266502,-0.524567,3
25.12729,0.800955,40.759011,-84.192335,0,0.650308,4556.263,-0.8225,4,1,FALSE,FALSE,9.417133,-0.525154,3
25.159203,0.801969,40.759009,-84.19233,0,0.651295,4569.9683,-0.781835,4,1,FALSE,FALSE,9.7119,-0.525984,3
25.192617,0.802984,40.759008,-84.192326,0,0.656227,4583.3374,-0.73742,4,1,FALSE,FALSE,9.767052,-0.52699,3
25.229374,0.804,40.759007,-84.192321,0,0.666338,4597.2637,-0.701559,4,1,FALSE,FALSE,9.38552,-0.528124,3
25.270777,0.805018,40.759006,-84.192316,0,0.680148,4611.7456,-0.665077,4,1,FALSE,FALSE,9.20905,-0.529316,3
25.315405,0.806038,40.759005,-84.192311,0,0.693218,4625.268,-0.63256,4,1,FALSE,FALSE,9.320751,-0.530492,3
25.363226,0.80706,40.759004,-84.192307,0,0.706042,4635.436,-0.599837,4,1,FALSE,FALSE,9.456366,-0.531591,3
25.414728,0.808084,40.759003,-84.192302,0,0.717633,4642.091,-0.567118,4,1,FALSE,FALSE,9.80452,-0.532575,3
25.470139,0.809114,40.759002,-84.192297,0,0.726264,4645.5513,-0.532111,4,1,FALSE,FALSE,9.916728,-0.533455,3
25.52868,0.810146,40.759001,-84.192292,0,0.731936,4648.2285,-0.501067,4,1,FALSE,FALSE,9.973083,-0.534224,3
25.587633,0.811179,40.759,-84.192287,0,0.733169,4650.639,-0.46815,4,1,FALSE,FALSE,9.949162,-0.534883,3
25.65199,0.812216,40.758999,-84.192282,0,0.733169,4643.305,-0.426698,4,1,FALSE,FALSE,9.773125,-0.535469,3
25.721533,0.813255,40.758998,-84.192277,0,0.73095,4623.1445,-0.382335,4,1,FALSE,FALSE,9.467489,-0.53603,3
25.79313,0.814298,40.758997,-84.192272,0,0.728237,4604.802,-0.343601,4,1,FALSE,FALSE,9.429989,-0.536608,3
25.86588,0.815345,40.758996,-84.192267,0,0.723551,4584.5474,-0.30508,4,1,FALSE,FALSE,9.731749,-0.53727,3
25.93984,0.816399,40.758995,-84.192262,0,0.718126,4550.4414,-0.268021,4,1,FALSE,FALSE,9.600445,-0.538106,3
26.015617,0.817456,40.758995,-84.192257,0,0.71344,4520.9404,-0.214731,4,1,FALSE,FALSE,9.524313,-0.539177,3
26.090448,0.818516,40.758994,-84.192252,0,0.705055,4496.611,-0.15604,4,1,FALSE,FALSE,9.495818,-0.540501,3
26.165085,0.819579,40.758993,-84.192247,0,0.697657,4465.7207,-0.100272,4,1,FALSE,FALSE,9.370069,-0.542088,3
26.241041,0.820645,40.758992,-84.192242,0,0.689026,4443.2725,-0.043891,4,1,FALSE,FALSE,9.317692,-0.543909,3
26.314919,0.821715,40.758992,-84.192237,0,0.681134,4424.37,0.02475,4,1,FALSE,FALSE,9.069249,-0.545929,3
26.386908,0.822793,40.758991,-84.192232,0,0.67201,4401.69,0.089842,4,1,FALSE,FALSE,8.75389,-0.548119,3
26.458855,0.823876,40.75899,-84.192227,0,0.663625,4384.847,0.161156,4,1,FALSE,FALSE,8.548226,-0.550431,3
26.531746,0.824962,40.75899,-84.192222,0,0.654007,4363.8335,0.224555,4,1,FALSE,FALSE,8.172093,-0.552828,3
26.602598,0.82605,40.758989,-84.192217,0,0.646609,4341.564,0.285655,4,1,FALSE,FALSE,7.387408,-0.555263,3
26.667292,0.827141,40.758988,-84.192211,0,0.643403,4340.169,0.345704,4,1,FALSE,FALSE,6.681599,-0.557583,3
26.726685,0.828235,40.758988,-84.192206,0,0.643403,4348.2783,0.410726,4,1,FALSE,FALSE,5.928264,-0.55962,3
26.77951,0.82933,40.758987,-84.192201,0,0.643403,4358.617,0.461405,4,1,FALSE,FALSE,4.723162,-0.561274,3
26.831709,0.830427,40.758987,-84.192196,0,0.643403,4387.4375,0.509583,4,1,FALSE,FALSE,3.706437,-0.56253,3
26.885147,0.831525,40.758986,-84.19219,0,0.64439,4403.193,0.541974,4,1,FALSE,FALSE,3.037744,-0.563375,3
26.940847,0.832625,40.758985,-84.192185,0,0.64439,4410.4062,0.578099,4,1,FALSE,FALSE,3.125477,-0.563811,3
26.996283,0.833726,40.758985,-84.19218,0,0.64439,4425.603,0.606954,4,1,FALSE,FALSE,3.284187,-0.563862,3
27.050264,0.834828,40.758984,-84.192175,0,0.64439,4434.59,0.639335,4,1,FALSE,FALSE,3.247671,-0.56353,3
27.104136,0.835932,40.758984,-84.192169,0,0.64439,4447.224,0.668807,4,1,FALSE,FALSE,3.07078,-0.562786,3
27.157034,0.837035,40.758983,-84.192164,0,0.64439,4469.34,0.697446,4,1,FALSE,FALSE,2.985564,-0.561611,3
27.20925,0.838138,40.758983,-84.192159,0,0.64439,4486.359,0.728572,4,1,FALSE,FALSE,3.477154,-0.559952,3
27.263102,0.839243,40.758982,-84.192153,0,0.643403,4501.293,0.755754,4,1,FALSE,FALSE,4.004696,-0.557761,3
27.31614,0.840348,40.758982,-84.192148,0,0.643403,4517.7305,0.784177,4,1,FALSE,FALSE,4.165216,-0.555019,3
27.370129,0.841453,40.758981,-84.192143,0,0.642417,4532.732,0.803885,4,1,FALSE,FALSE,4.413106,-0.551693,3
27.424208,0.84256,40.758981,-84.192137,0,0.638224,4544.367,0.82608,4,1,FALSE,FALSE,4.768244,-0.547767,3
27.4781,0.843667,40.758981,-84.192132,0,0.635019,4556.833,0.843919,4,1,FALSE,FALSE,5.526606,-0.543197,3
27.532776,0.844772,40.75898,-84.192126,0,0.631319,4561.6484,0.853252,4,1,FALSE,FALSE,6.36085,-0.537923,3
27.588356,0.845877,40.75898,-84.192121,0,0.62688,4561.056,0.861134,4,1,FALSE,FALSE,6.809966,-0.531917,3
27.643276,0.846983,40.758979,-84.192116,0,0.623181,4570.03,0.863416,4,1,FALSE,FALSE,6.892175,-0.525216,3
27.69614,0.84809,40.758979,-84.19211,0,0.618496,4575.9043,0.863416,4,1,FALSE,FALSE,7.088884,-0.517886,3
27.749384,0.849198,40.758979,-84.192105,0,0.61307,4574.787,0.863416,4,1,FALSE,FALSE,7.592598,-0.509988,3
27.80223,0.850307,40.758978,-84.192099,0,0.608878,4572.5938,0.863416,4,1,FALSE,FALSE,8.269445,-0.501641,3
27.853485,0.851412,40.758978,-84.192094,0,0.605672,4562.65,0.863416,4,1,FALSE,FALSE,9.227212,-0.493003,3
27.901949,0.852518,40.758978,-84.192088,0,0.602466,4558.474,0.863416,4,1,FALSE,FALSE,9.430717,-0.48421,3
27.945988,0.853624,40.758977,-84.192083,0,0.600493,4565.6973,0.863416,4,1,FALSE,FALSE,9.406261,-0.475377,3
27.986269,0.854731,40.758977,-84.192077,0,0.59926,4574.976,0.863416,4,1,FALSE,FALSE,8.987478,-0.466595,3
28.0267,0.855838,40.758977,-84.192072,0,0.598274,4584.2705,0.863416,4,1,FALSE,FALSE,8.520122,-0.45793,3
28.066355,0.856946,40.758977,-84.192066,0,0.598274,4598.8457,0.863416,4,1,FALSE,FALSE,9.012634,-0.44941,3
28.104181,0.858051,40.758977,-84.192061,0,0.598274,4612.4023,0.863416,4,1,FALSE,FALSE,9.436624,-0.44104,3
28.141891,0.859155,40.758977,-84.192055,0,0.597287,4621.723,0.863416,4,1,FALSE,FALSE,9.273479,-0.432802,3
28.17966,0.860259,40.758976,-84.19205,0,0.598274,4637.3027,0.863416,4,1,FALSE,FALSE,9.001629,-0.424698,3
28.216667,0.861364,40.758976,-84.192044,0,0.598274,4652.757,0.863416,4,1,FALSE,FALSE,8.161189,-0.416749,3
28.253025,0.862469,40.758976,-84.192038,0,0.598274,4666.4644,0.863416,4,1,FALSE,FALSE,7.197946,-0.408983,3
28.290474,0.863574,40.758976,-84.192033,0,0.598274,4682.1836,0.863416,4,1,FALSE,FALSE,8.04801,-0.40145,3
28.328096,0.864678,40.758976,-84.192027,0,0.597287,4685.2305,0.863416,4,1,FALSE,FALSE,9.280275,-0.394167,3
28.367416,0.86578,40.758976,-84.192022,0,0.596301,4682.5215,0.863416,4,1,FALSE,FALSE,9.674129,-0.387176,3
28.406103,0.866882,40.758976,-84.192016,0,0.596301,4688.658,0.863416,4,1,FALSE,FALSE,9.347644,-0.380493,3
28.442928,0.867985,40.758976,-84.19201,0,0.595068,4695.268,0.863416,4,1,FALSE,FALSE,9.018265,-0.374085,3
28.477049,0.869089,40.758976,-84.192005,0,0.595068,4707.461,0.863416,4,1,FALSE,FALSE,8.967483,-0.367862,3
28.510431,0.870193,40.758977,-84.191999,0,0.594082,4723.0693,0.863416,4,1,FALSE,FALSE,9.505023,-0.361745,3
28.545527,0.871298,40.758977,-84.191994,0,0.594081,4722.842,0.863416,4,1,FALSE,FALSE,10.040987,-0.355708,3
28.58096,0.872399,40.758977,-84.191988,0,0.593095,4726.3154,0.863416,4,1,FALSE,FALSE,10.63129,-0.349676,3
28.615215,0.873502,40.758977,-84.191982,0,0.593095,4737.4355,0.862586,4,1,FALSE,FALSE,10.443347,-0.343567,3
28.649672,0.874605,40.758977,-84.191977,0,0.593095,4741.7183,0.859682,4,1,FALSE,FALSE,9.917592,-0.337338,3
28.685875,0.875709,40.758978,-84.191971,0,0.591862,4747.791,0.85346,4,1,FALSE,FALSE,9.708729,-0.330953,3
28.721504,0.876814,40.758978,-84.191965,0,0.591862,4756.6855,0.844127,4,1,FALSE,FALSE,9.721038,-0.324421,3
28.757242,0.877919,40.758978,-84.19196,0,0.591862,4759.04,0.828777,4,1,FALSE,FALSE,10.066196,-0.317803,3
28.793436,0.879024,40.758978,-84.191954,0,0.591862,4759.1055,0.814049,4,1,FALSE,FALSE,10.064467,-0.311157,3
28.82947,0.880129,40.758979,-84.191948,0,0.591862,4763.6997,0.797454,4,1,FALSE,FALSE,9.587955,-0.304503,3
28.866198,0.881235,40.758979,-84.191943,0,0.593095,4770.594,0.776915,4,1,FALSE,FALSE,9.015101,-0.297888,3
28.904366,0.882342,40.758979,-84.191937,0,0.593095,4777.212,0.757413,4,1,FALSE,FALSE,8.502794,-0.291361,3
28.941216,0.88345,40.75898,-84.191931,0,0.591862,4787.259,0.737495,4,1,FALSE,FALSE,8.13739,-0.284948,3
28.977545,0.884558,40.75898,-84.191926,0,0.591862,4798.8213,0.714462,4,1,FALSE,FALSE,7.833421,-0.2787,3
29.014977,0.885668,40.758981,-84.19192,0,0.591862,4806.0073,0.697239,4,1,FALSE,FALSE,8.005433,-0.272691,3
29.052063,0.886777,40.758981,-84.191914,0,0.591862,4811.7725,0.679184,4,1,FALSE,FALSE,8.362167,-0.26695,3
29.087795,0.887887,40.758982,-84.191908,0,0.591862,4823.289,0.662581,4,1,FALSE,FALSE,8.037567,-0.26147,3
29.122906,0.888999,40.758982,-84.191903,0,0.591862,4834.794,0.644317,4,1,FALSE,FALSE,7.416869,-0.256226,3
29.158026,0.890111,40.758983,-84.191897,0,0.591862,4848.263,0.633731,4,1,FALSE,FALSE,7.24253,-0.251168,3
29.192574,0.891224,40.758984,-84.191891,0,0.591862,4864.098,0.624806,4,1,FALSE,FALSE,7.332886,-0.246251,3
29.226479,0.892338,40.758984,-84.191886,0,0.591862,4875.533,0.616918,4,1,FALSE,FALSE,8.155077,-0.241412,3
29.260643,0.893453,40.758985,-84.19188,0,0.591862,4883.6665,0.612144,4,1,FALSE,FALSE,9.231402,-0.236557,3
29.295134,0.89457,40.758985,-84.191874,0,0.593095,4891.862,0.610483,4,1,FALSE,FALSE,9.680228,-0.23159,3
29.331865,0.895687,40.758986,-84.191869,0,0.593095,4898.081,0.609653,4,1,FALSE,FALSE,9.547637,-0.226439,3
29.370668,0.896807,40.758987,-84.191863,0,0.593095,4897.968,0.609237,4,1,FALSE,FALSE,9.687994,-0.221083,3
29.410328,0.897927,40.758988,-84.191857,0,0.593095,4898.295,0.606747,4,1,FALSE,FALSE,10.072453,-0.21553,3
29.451956,0.899049,40.758988,-84.191851,0,0.593095,4886.4287,0.60301,4,1,FALSE,FALSE,10.504531,-0.209834,3
29.496675,0.900175,40.758989,-84.191846,0,0.593095,4863.909,0.597405,4,1,FALSE,FALSE,11.045297,-0.204077,3
29.539795,0.901302,40.75899,-84.19184,0,0.593095,4849.153,0.592423,4,1,FALSE,FALSE,11.429656,-0.19838,3
29.580267,0.902432,40.758991,-84.191834,0,0.593095,4846.542,0.586403,4,1,FALSE,FALSE,11.508039,-0.192826,3
29.61833,0.903563,40.758992,-84.191829,0,0.594081,4847.7246,0.581836,4,1,FALSE,FALSE,11.430293,-0.187423,3
29.656124,0.904696,40.758993,-84.191823,0,0.594081,4848.898,0.578099,4,1,FALSE,FALSE,11.058742,-0.182107,3
29.693106,0.90583,40.758994,-84.191817,0,0.594081,4851.4946,0.576646,4,1,FALSE,FALSE,10.365645,-0.176862,3
29.729647,0.906968,40.758995,-84.191811,0,0.594081,4858.0044,0.575401,4,1,FALSE,FALSE,9.484423,-0.171712,3
29.765068,0.90811,40.758996,-84.191806,0,0.594081,4873.018,0.57457,4,1,FALSE,FALSE,9.458776,-0.166641,3
29.80078,0.909253,40.758997,-84.1918,0,0.594081,4882.2925,0.57457,4,1,FALSE,FALSE,9.657138,-0.161639,3
29.838547,0.910397,40.758998,-84.191794,0,0.594081,4882.568,0.575401,4,1,FALSE,FALSE,9.291026,-0.156761,3
29.877825,0.911543,40.758999,-84.191788,0,0.594081,4879.8027,0.575401,4,1,FALSE,FALSE,8.506543,-0.152091,3
29.91611,0.912691,40.759,-84.191783,0,0.594081,4883.6753,0.575401,4,1,FALSE,FALSE,7.887158,-0.147695,3
29.952015,0.913842,40.759001,-84.191777,0,0.595068,4893.351,0.575401,4,1,FALSE,FALSE,7.570609,-0.143572,3
29.987131,0.914999,40.759002,-84.191771,0,0.595068,4902.8228,0.575401,4,1,FALSE,FALSE,7.22804,-0.139687,3
30.022696,0.916158,40.759003,-84.191766,0,0.597287,4910.7925,0.575401,4,1,FALSE,FALSE,6.547023,-0.136039,3
30.05739,0.917318,40.759005,-84.19176,0,0.603206,4924.801,0.575401,4,1,FALSE,FALSE,6.461889,-0.132641,3
30.091875,0.918479,40.759006,-84.191754,0,0.610604,4942.9346,0.575401,4,1,FALSE,FALSE,6.580321,-0.129399,3
30.126682,0.919642,40.759007,-84.191748,0,0.622688,4962.294,0.575401,4,1,FALSE,FALSE,6.260556,-0.126212,3
30.16375,0.920809,40.759008,-84.191743,0,0.633786,4976.9883,0.575401,4,1,FALSE,FALSE,5.658079,-0.123036,3
30.203587,0.921984,40.759009,-84.191737,0,0.646116,4994.0664,0.575401,4,1,FALSE,FALSE,5.454961,-0.119835,3
30.241877,0.923161,40.759011,-84.191731,0,0.654501,5017.721,0.575401,4,1,FALSE,FALSE,5.968928,-0.116564,3
30.281721,0.924339,40.759012,-84.191726,0,0.660913,5035.9717,0.575401,4,1,FALSE,FALSE,6.329349,-0.1132,3
30.32556,0.92552,40.759013,-84.19172,0,0.666831,5041.125,0.575401,4,1,FALSE,FALSE,5.777809,-0.109761,3
30.371544,0.926701,40.759015,-84.191714,0,0.67201,5052.708,0.575401,4,1,FALSE,FALSE,5.3219,-0.10624,3
30.41656,0.927884,40.759016,-84.191708,0,0.679408,5067.667,0.575401,4,1,FALSE,FALSE,5.394998,-0.10263,3
30.460894,0.929066,40.759017,-84.191703,0,0.687546,5077.9585,0.575401,4,1,FALSE,FALSE,5.616542,-0.098936,3
30.507238,0.93025,40.759019,-84.191697,0,0.695931,5089.578,0.575401,4,1,FALSE,FALSE,5.675358,-0.095169,3
30.55402,0.931436,40.75902,-84.191691,0,0.706535,5103.5815,0.575401,4,1,FALSE,FALSE,5.51121,-0.091341,3
30.600796,0.932624,40.759022,-84.191685,0,0.71566,5120.3086,0.575401,4,1,FALSE,FALSE,5.454845,-0.087455,3
30.647638,0.933813,40.759023,-84.19168,0,0.726264,5139.9683,0.575401,4,1,FALSE,FALSE,5.384779,-0.083495,3
30.695099,0.935003,40.759025,-84.191674,0,0.735882,5157.9717,0.575401,4,1,FALSE,FALSE,5.433009,-0.079455,3
30.743137,0.936192,40.759026,-84.191668,0,0.746979,5175.436,0.575401,4,1,FALSE,FALSE,5.369149,-0.075327,3
30.791372,0.937382,40.759027,-84.191662,0,0.75635,5195.508,0.575401,4,1,FALSE,FALSE,5.631613,-0.071089,3
30.839293,0.938575,40.759029,-84.191657,0,0.764488,5215.6543,0.575401,4,1,FALSE,FALSE,6.156985,-0.066711,3
30.887472,0.939769,40.759031,-84.191651,0,0.772873,5232.756,0.575401,4,1,FALSE,FALSE,6.361014,-0.062172,3
30.93758,0.940965,40.759032,-84.191645,0,0.780764,5248.7563,0.574362,4,1,FALSE,FALSE,6.574426,-0.057419,3
30.988388,0.942162,40.759034,-84.191639,0,0.786683,5264.8306,0.571871,4,1,FALSE,FALSE,6.761752,-0.052398,3
31.039995,0.943359,40.759035,-84.191634,0,0.789396,5277.1943,0.568964,4,1,FALSE,FALSE,6.731909,-0.047122,3
31.093184,0.944559,40.759037,-84.191628,0,0.790382,5284.2773,0.566266,4,1,FALSE,FALSE,7.018524,-0.041627,3
31.147787,0.94576,40.759038,-84.191622,0,0.790382,5287.408,0.562529,4,1,FALSE,FALSE,7.713928,-0.035928,3
31.203598,0.946963,40.75904,-84.191616,0,0.789396,5286.2007,0.557754,4,1,FALSE,FALSE,8.347941,-0.030046,3
31.261158,0.948169,40.759042,-84.191611,0,0.789396,5278.2163,0.553394,4,1,FALSE,FALSE,8.390303,-0.024041,3
31.318325,0.949376,40.759044,-84.191605,0,0.789396,5275.422,0.547165,4,1,FALSE,FALSE,8.167444,-0.017972,3
31.37259,0.950584,40.759045,-84.191599,0,0.789396,5278.791,0.539483,4,1,FALSE,FALSE,8.104527,-0.011877,3
31.42577,0.951794,40.759047,-84.191593,0,0.789396,5275.3345,0.533877,4,1,FALSE,FALSE,8.322475,-0.005794,3
31.479153,0.953006,40.759049,-84.191588,0,0.788409,5271.7124,0.527856,4,1,FALSE,FALSE,8.848326,0.000252,3
31.532465,0.95422,40.759051,-84.191582,0,0.788409,5273.185,0.522457,4,1,FALSE,FALSE,9.05597,0.00625,3
31.58495,0.955436,40.759052,-84.191576,0,0.789396,5277.9526,0.517473,4,1,FALSE,FALSE,8.779465,0.012179,3
31.635754,0.956653,40.759054,-84.19157,0,0.789396,5285.836,0.511036,4,1,FALSE,FALSE,7.895037,0.017976,3
31.686436,0.957871,40.759056,-84.191565,0,0.789396,5294.5293,0.50543,4,1,FALSE,FALSE,7.306426,0.023572,3
31.73639,0.959091,40.759058,-84.191559,0,0.789396,5296.9824,0.497539,4,1,FALSE,FALSE,7.78102,0.028953,3
31.78636,0.960313,40.75906,-84.191553,0,0.789396,5298.2437,0.490894,4,1,FALSE,FALSE,8.26162,0.034094,3
31.836424,0.961538,40.759062,-84.191547,0,0.789396,5307.3647,0.47968,4,1,FALSE,FALSE,7.98607,0.038982,3
31.883701,0.962764,40.759064,-84.191542,0,0.790382,5320.8467,0.46805,4,1,FALSE,FALSE,7.18539,0.043625,3
31.927729,0.96399,40.759066,-84.191536,0,0.795314,5346.698,0.453928,4,1,FALSE,FALSE,6.472043,0.048038,3
31.971634,0.965219,40.759068,-84.19153,0,0.80148,5367.3525,0.443128,4,1,FALSE,FALSE,6.250398,0.052213,3
32.01879,0.966449,40.75907,-84.191524,0,0.811097,5374.713,0.426512,4,1,FALSE,FALSE,6.516614,0.056173,3
32.066906,0.967681,40.759072,-84.191519,0,0.820715,5389.848,0.409272,4,1,FALSE,FALSE,7.04775,0.059969,3
32.11355,0.968915,40.759074,-84.191513,0,0.831813,5408.796,0.392654,4,1,FALSE,FALSE,6.929056,0.063636,3
32.158463,0.97015,40.759076,-84.191507,0,0.841924,5430.9976,0.375413,4,1,FALSE,FALSE,6.381568,0.067216,3
32.203014,0.971387,40.759078,-84.191502,0,0.850801,5460.2466,0.357338,4,1,FALSE,FALSE,6.45751,0.070759,3
32.24904,0.972626,40.75908,-84.191496,0,0.858447,5479.642,0.336562,4,1,FALSE,FALSE,6.560635,0.0743,3
32.29749,0.973866,40.759083,-84.19149,0,0.861406,5490.4795,0.319732,4,1,FALSE,FALSE,6.636584,0.077816,3
32.347427,0.975109,40.759085,-84.191485,0,0.863625,5503.1934,0.302694,4,1,FALSE,FALSE,6.690085,0.081285,3
32.397408,0.976353,40.759087,-84.191479,0,0.862639,5514.382,0.287318,4,1,FALSE,FALSE,6.420884,0.084703,3
32.44697,0.977599,40.759089,-84.191473,0,0.862639,5524.7734,0.272771,4,1,FALSE,FALSE,5.884927,0.088051,3
32.49763,0.978847,40.759091,-84.191467,0,0.862639,5535.3228,0.261133,4,1,FALSE,FALSE,5.568159,0.091307,3
32.547497,0.980098,40.759094,-84.191462,0,0.862639,5547.2827,0.249703,4,1,FALSE,FALSE,5.577582,0.094483,3
32.596718,0.98135,40.759096,-84.191456,0,0.862639,5562.5933,0.241805,4,1,FALSE,FALSE,5.630664,0.097587,3
32.644505,0.982604,40.759098,-84.19145,0,0.862639,5579.685,0.236609,4,1,FALSE,FALSE,5.432553,0.100621,3
32.69003,0.98386,40.7591,-84.191445,0,0.864612,5605.376,0.2337,4,1,FALSE,FALSE,5.155978,0.103625,3
32.734585,0.985118,40.759103,-84.191439,0,0.867324,5633.875,0.2337,4,1,FALSE,FALSE,4.857863,0.106658,3
32.77994,0.986378,40.759105,-84.191433,0,0.871517,5657.838,0.2337,4,1,FALSE,FALSE,4.645784,0.109762,3
32.82627,0.987639,40.759107,-84.191428,0,0.874722,5682.5317,0.233908,4,1,FALSE,FALSE,4.382767,0.112955,3
32.87272,0.988903,40.75911,-84.191422,0,0.877928,5708.819,0.238065,4,1,FALSE,FALSE,4.71127,0.116257,3
32.9212,0.990169,40.759112,-84.191416,0,0.879162,5728.5913,0.244715,4,1,FALSE,FALSE,5.063251,0.119692,3
32.9715,0.991437,40.759115,-84.191411,0,0.879162,5740.514,0.256146,4,1,FALSE,FALSE,5.048945,0.123259,3
33.0219,0.992707,40.759117,-84.191405,0,0.879162,5753.5938,0.267991,4,1,FALSE,FALSE,4.889459,0.126948,3
33.072067,0.993979,40.75912,-84.191399,0,0.879162,5770.074,0.280876,4,1,FALSE,FALSE,4.905106,0.130777,3
33.12255,0.995253,40.759122,-84.191393,0,0.879162,5783.56,0.298746,4,1,FALSE,FALSE,5.115187,0.134767,3
33.17497,0.996529,40.759124,-84.191388,0,0.877928,5786.3413,0.316824,4,1,FALSE,FALSE,5.738473,0.138915,3
33.228157,0.997808,40.759127,-84.191382,0,0.879162,5787.652,0.336355,4,1,FALSE,FALSE,5.995626,0.143215,3
33.280296,0.999088,40.759129,-84.191376,0,0.879162,5795.7563,0.358585,4,1,FALSE,FALSE,6.520398,0.147694,3
33.333553,0.000371,40.759132,-84.191371,0,0.877928,5795.653,0.378113,4,1,FALSE,FALSE,6.54755,0.152382,3
33.38625,0.001657,40.759135,-84.191365,0,0.876942,5793.45,0.400133,4,1,FALSE,FALSE,6.591934,0.157295,3
33.438866,0.002944,40.759137,-84.191359,0,0.875956,5798.8965,0.415711,4,1,FALSE,FALSE,6.895574,0.162453,3
33.49159,0.004234,40.75914,-84.191354,0,0.871023,5798.172,0.435236,4,1,FALSE,FALSE,7.507014,0.167851,3
33.544308,0.005526,40.759142,-84.191348,0,0.862146,5793.3833,0.452682,4,1,FALSE,FALSE,7.739208,0.173435,3
33.597668,0.00682,40.759145,-84.191343,0,0.846609,5781.2417,0.471788,4,1,FALSE,FALSE,7.986924,0.179131,3
33.64985,0.008117,40.759148,-84.191337,0,0.828607,5768.789,0.488402,4,1,FALSE,FALSE,8.274115,0.184939,3